galaxy,stage8_class,n_points,delta_aic_tvc_minus_baryonic_fit,delta_aic_tvc_minus_nfw_like,delta_aic_tvc_minus_rar_like,broad_free_dAIC_tvc_minus_baryonic_fit,broad_free_dAIC_tvc_minus_nfw_like,broad_free_dAIC_tvc_minus_rar_like,broad_free_tvc_boundary,broad_free_tvc_core_boundary,broad_free_tvc_nuisance_boundary,rrf_rc_over_rlast,rrf_A_over_vouter2,v_outer_kms,v_max_kms,gas_fraction_proxy,outer_baryon_fraction_proxy,best_n,delta_aic_locked_minus_best_continuum,locked_within_2_of_best,locked_within_10_of_best,grid_count_within_10_of_best,dcrra2_taxonomy_class,dcrra2_confidence,dcrra2_rationale,dcrra3_recommended_class,dcrra3_class_stability,pathology_guard,nuisance_guard,rrf_beats_baryonic_guard,rrf_beats_rar_guard,rrf_competes_nfw_guard,nfw_dominant_guard,rar_dominant_guard,central_best_n_guard,scale_band_guard
CamB,CORE-PATHOLOGY-ARCHIVE,9,-40.90592249025518,-25.52211126940267,-319.3219228301673,-40.90592249025518,-25.52211126940267,-319.3219228301673,0,0,0,1.2047431932148416,3.504588462260784,16.8,20.1,0.1974420874210283,1.0734187216553288,12.0,8.573434947447236,0,1,30,PATHOLOGY_ARCHIVE,HIGH,core/pathology flag or extreme scale/amplitude; parent_stage8=CORE-PATHOLOGY-ARCHIVE,PATHOLOGY_ARCHIVE,STABLE,1,0,1,1,1,0,0,0,0
D631-7,ROBUST-DIAGNOSTIC-CANDIDATE,16,-1039.8929036421157,-50.33184886307608,-208.8564525864597,-1039.8929036421157,-50.33184886307608,-208.8564525864597,0,0,0,0.5215233187900268,1.0285250526739784,58.05105511530346,58.5,0.6260298172412903,0.1300743191614056,3.0,0.3378182380397376,1,1,12,SN_RRF_FAMILY_LIKE,MEDIUM-HIGH,RRF improves over baryonic/RAR and is competitive with NFW; continuum best-n in central family range; parent_stage8=ROBUST-DIAGNOSTIC-CANDIDATE,SN_RRF_FAMILY_LIKE,STABLE,0,0,1,1,1,0,0,1,1
DDO064,ROBUST-DIAGNOSTIC-CANDIDATE,14,-41.52952177029519,-2.7450927191974888,3.724541664838601,-41.52952177029519,-2.7450927191974888,3.724541664838601,0,0,0,0.5453951187493905,0.7256854873491801,46.4,46.9,0.2892437293785073,0.3551905283888228,2.5,0.224282990006766,1,1,39,MIXED_COMPETITIVE,MEDIUM,continuum-family fit is competitive but comparator dominance is not clean; parent_stage8=ROBUST-DIAGNOSTIC-CANDIDATE,MIXED_COMPETITIVE,STABLE,0,0,1,0,1,0,0,1,1
DDO154,ROBUST-DIAGNOSTIC-CANDIDATE,12,-56263.80035921071,-57.94843118882568,-223.3449559053425,-56263.80035921071,-57.94843118882568,-223.3449559053425,0,0,0,0.3987982128493373,0.9112288090675428,47.4,48.2,0.7866455535310898,0.1370599886058146,2.25,15.832653718433322,0,0,6,UNRESOLVED_OR_WEAK,LOW,"weak, unresolved, or outside provisional rules; parent_stage8=ROBUST-DIAGNOSTIC-CANDIDATE",SN_RRF_FAMILY_LIKE,CAUTION-RECLASSIFY,0,0,1,1,1,0,0,1,1
DDO161,ROBUST-DIAGNOSTIC-CANDIDATE,31,-7796.377443799301,-12.282495590563652,-3114.2594128714486,-7796.377443799301,-12.282495590563652,-3114.2594128714486,0,0,0,0.4880743627566271,0.8403563708153551,66.70007496247662,67.5,0.6587086856264412,0.2606261547798332,2.0,11.701024615200968,0,0,7,UNRESOLVED_OR_WEAK,LOW,"weak, unresolved, or outside provisional rules; parent_stage8=ROBUST-DIAGNOSTIC-CANDIDATE",SN_RRF_FAMILY_LIKE,CAUTION-RECLASSIFY,0,0,1,1,1,0,0,1,1
DDO168,ROBUST-DIAGNOSTIC-CANDIDATE,10,-735.3357019516621,-66.41724144366728,-149.75033509615994,-735.3357019516621,-66.41724144366728,-149.75033509615994,0,0,0,0.5155614938202889,0.9738391502215304,54.8,55.0,0.6378034891254569,0.2702505461132719,4.5,3.184327863667983,0,1,18,SN_RRF_FAMILY_LIKE,MEDIUM-HIGH,RRF improves over baryonic/RAR and is competitive with NFW; continuum best-n in central family range; parent_stage8=ROBUST-DIAGNOSTIC-CANDIDATE,UNRESOLVED_OR_WEAK,WEAK-MISMATCH,0,0,1,1,1,0,0,0,1
DDO170,ROBUST-DIAGNOSTIC-CANDIDATE,8,-2633.182268754957,1.95932275872924,-645.4971747578064,-2633.182268754957,1.95932275872924,-645.4971747578064,0,0,0,0.2751975502260967,0.7990570586651387,60.0,62.2,0.6484889010918328,0.2706209444444444,2.0,6.292381145415192,0,1,12,SN_RRF_FAMILY_LIKE,MEDIUM-HIGH,RRF improves over baryonic/RAR and is competitive with NFW; continuum best-n in central family range; parent_stage8=ROBUST-DIAGNOSTIC-CANDIDATE,SN_RRF_FAMILY_LIKE,STABLE,0,0,1,1,1,0,0,1,1
ESO079-G014,ROBUST-DIAGNOSTIC-CANDIDATE,15,-115.71801041724989,-38.06780955550316,-33.48248659333697,-115.71801041724989,-38.06780955550316,-33.48248659333697,0,0,0,0.3673883135459856,0.6893282911963908,176.00284088616297,178.0,0.0126686798260807,0.5941916115182231,2.75,2.04558117380728,0,1,10,SN_RRF_FAMILY_LIKE,MEDIUM-HIGH,RRF improves over baryonic/RAR and is competitive with NFW; continuum best-n in central family range; parent_stage8=ROBUST-DIAGNOSTIC-CANDIDATE,SN_RRF_FAMILY_LIKE,STABLE,0,0,1,1,1,0,0,1,1
ESO116-G012,ROBUST-DIAGNOSTIC-CANDIDATE,15,-960.3126999103588,-23.117500304736645,-53.50606263055855,-960.3126999103588,-23.117500304736645,-53.50606263055855,0,0,0,0.4175996514909084,0.7458811518839589,110.5011312159292,112.0,0.1016601551629533,0.3043383890913558,2.0,18.154872096412745,0,0,7,UNRESOLVED_OR_WEAK,LOW,"weak, unresolved, or outside provisional rules; parent_stage8=ROBUST-DIAGNOSTIC-CANDIDATE",SN_RRF_FAMILY_LIKE,CAUTION-RECLASSIFY,0,0,1,1,1,0,0,1,1
ESO563-G021,ROBUST-DIAGNOSTIC-CANDIDATE,30,-1050.8317570338827,-460.327359906964,-461.0851155933924,-1050.8317570338827,-460.327359906964,-461.0851155933924,0,0,0,0.1395602561285265,0.9369142798761436,314.00159235265033,321.0,0.0048411271695432,0.4689661647920322,4.25,25.709272749280075,0,0,6,UNRESOLVED_OR_WEAK,LOW,"weak, unresolved, or outside provisional rules; parent_stage8=ROBUST-DIAGNOSTIC-CANDIDATE",UNRESOLVED_OR_WEAK,STABLE,0,0,1,1,1,0,0,0,1
F563-1,NUISANCE-SENSITIVE-DIAGNOSTIC-SIGNAL,17,-329.6029712021133,-12.70783489700639,-9.042651433839591,-329.6029712021133,-12.70783489700639,-9.042651433839591,1,0,1,0.1401376038793744,0.848415454663316,111.5,112.5,0.4291438467246827,0.1338615294898349,3.75,0.1477962710808569,1,1,37,NUISANCE_SENSITIVE,MEDIUM,nuisance-sensitive parent class or nuisance boundary; parent_stage8=NUISANCE-SENSITIVE-DIAGNOSTIC-SIGNAL,NUISANCE_SENSITIVE,STABLE,0,1,1,0,1,0,0,1,1
F563-V2,NUISANCE-SENSITIVE-DIAGNOSTIC-SIGNAL,10,-84.85795602994708,-5.593575705851146,0.963292720325903,-84.85795602994708,-5.593575705851146,0.963292720325903,1,0,1,0.204028245524642,0.656131248776451,118.0,118.0,0.0826615559827784,0.2167593363975869,2.75,0.2313908043238122,1,1,38,NUISANCE_SENSITIVE,MEDIUM,nuisance-sensitive parent class or nuisance boundary; parent_stage8=NUISANCE-SENSITIVE-DIAGNOSTIC-SIGNAL,NUISANCE_SENSITIVE,STABLE,0,1,1,0,1,0,0,1,1
F568-1,ROBUST-DIAGNOSTIC-CANDIDATE,12,-183.07440822396427,-7.879665261902723,-4.115244277346735,-183.07440822396427,-7.879665261902723,-4.115244277346735,0,0,0,0.2422094347320097,0.6810086588426209,133.0,142.0,0.0641954520350811,0.2247057097631296,2.5,0.9125056348522946,1,1,28,MIXED_COMPETITIVE,MEDIUM,continuum-family fit is competitive but comparator dominance is not clean; parent_stage8=ROBUST-DIAGNOSTIC-CANDIDATE,MIXED_COMPETITIVE,STABLE,0,0,1,0,1,0,0,1,1
F568-3,ROBUST-DIAGNOSTIC-CANDIDATE,18,-79.30449086807582,-48.18289486760406,-38.16241299537347,-79.30449086807582,-48.18289486760406,-38.16241299537347,0,0,0,0.217139396070658,0.7400438971856966,107.0,120.0,0.0279303255585602,0.3352873613416019,3.25,0.0023671579486057,1,1,15,SN_RRF_FAMILY_LIKE,MEDIUM-HIGH,RRF improves over baryonic/RAR and is competitive with NFW; continuum best-n in central family range; parent_stage8=ROBUST-DIAGNOSTIC-CANDIDATE,SN_RRF_FAMILY_LIKE,STABLE,0,0,1,1,1,0,0,1,1
F568-V1,ROBUST-DIAGNOSTIC-CANDIDATE,15,-233.6350277928049,-1.113957181460446,0.8365215670645316,-233.6350277928049,-1.113957181460446,0.8365215670645316,0,0,0,0.1526612881500541,0.765461295372624,112.0044641967453,118.0,0.0681158740197896,0.2032920127540853,2.5,0.3507592349767572,1,1,40,MIXED_COMPETITIVE,MEDIUM,continuum-family fit is competitive but comparator dominance is not clean; parent_stage8=ROBUST-DIAGNOSTIC-CANDIDATE,MIXED_COMPETITIVE,STABLE,0,0,1,0,1,0,0,1,1
F571-8,ROBUST-DIAGNOSTIC-CANDIDATE,13,-1571.6585206254736,-10.65187153380636,-517.6022814833133,-1571.6585206254736,-10.65187153380636,-517.6022814833133,0,0,0,0.3343232456977319,1.0385375820375815,137.5227253947507,144.0,0.0083012805474973,0.2400174091209516,4.75,8.740119002516437,0,1,17,MIXED_COMPETITIVE,MEDIUM,continuum-family fit is competitive but comparator dominance is not clean; parent_stage8=ROBUST-DIAGNOSTIC-CANDIDATE,UNRESOLVED_OR_WEAK,WEAK-MISMATCH,0,0,1,1,1,0,0,0,1
F574-1,ROBUST-DIAGNOSTIC-CANDIDATE,14,-240.6771182381008,-17.440328269342864,-22.92948030788608,-240.6771182381008,-17.440328269342864,-22.92948030788608,0,0,0,0.2491003292902196,0.6156857941285421,99.15061774895808,99.7,0.0550001193570023,0.3306187667489417,2.25,2.575736783049547,0,1,14,SN_RRF_FAMILY_LIKE,MEDIUM-HIGH,RRF improves over baryonic/RAR and is competitive with NFW; continuum best-n in central family range; parent_stage8=ROBUST-DIAGNOSTIC-CANDIDATE,SN_RRF_FAMILY_LIKE,STABLE,0,0,1,1,1,0,0,1,1
F579-V1,ROBUST-DIAGNOSTIC-CANDIDATE,14,-29.551269964924217,-1.7778712637182164,-27.82762702910369,-29.551269964924217,-1.7778712637182164,-27.82762702910369,0,0,0,0.0462109686454746,0.4622064237773888,114.0,114.0,0.0399889921165492,0.4489963450292398,2.0,1.835313894787027,1,1,40,SN_RRF_FAMILY_LIKE,MEDIUM-HIGH,RRF improves over baryonic/RAR and is competitive with NFW; continuum best-n in central family range; parent_stage8=ROBUST-DIAGNOSTIC-CANDIDATE,UNRESOLVED_OR_WEAK,WEAK-MISMATCH,0,0,1,1,1,0,0,1,0
F583-1,ROBUST-DIAGNOSTIC-CANDIDATE,25,-515.0026910103533,-30.17239029678816,-38.53260339587503,-515.0026910103533,-30.17239029678816,-38.53260339587503,0,0,0,0.2009590242049004,0.7669085764891291,80.3,86.9,0.0,0.1775511352974292,2.5,3.288719149485709,0,1,11,SN_RRF_FAMILY_LIKE,MEDIUM-HIGH,RRF improves over baryonic/RAR and is competitive with NFW; continuum best-n in central family range; parent_stage8=ROBUST-DIAGNOSTIC-CANDIDATE,SN_RRF_FAMILY_LIKE,STABLE,0,0,1,1,1,0,0,1,1
F583-4,CORE-PATHOLOGY-ARCHIVE,12,-19.272613527848904,0.0054670359712201,3.893728058293864,-19.272613527848904,0.0054670359712201,3.893728058293864,1,1,0,6.857453079640037,221.4420061631733,67.2,69.9,0.0593960362422287,0.3577840003188776,1.25,6.387027105004118,0,1,19,PATHOLOGY_ARCHIVE,HIGH,core/pathology flag or extreme scale/amplitude; parent_stage8=CORE-PATHOLOGY-ARCHIVE,PATHOLOGY_ARCHIVE,STABLE,1,0,1,0,1,0,0,1,0
IC2574,ROBUST-DIAGNOSTIC-CANDIDATE,34,-1927.52156887383,-995.8096166870456,-104.2429228179731,-1927.52156887383,-995.8096166870456,-104.2429228179731,0,0,0,0.8283831339269393,1.1254730942061557,63.8,67.5,0.2116150179551619,0.2876462741128723,1.5,113.1095552004418,0,0,2,UNRESOLVED_OR_WEAK,LOW,"weak, unresolved, or outside provisional rules; parent_stage8=ROBUST-DIAGNOSTIC-CANDIDATE",SN_RRF_FAMILY_LIKE,CAUTION-RECLASSIFY,0,0,1,1,1,0,0,1,1
IC4202,ROBUST-DIAGNOSTIC-CANDIDATE,32,-949.7138527575872,-466.048224382347,-892.8168511817622,-949.7138527575872,-466.048224382347,-892.8168511817622,0,0,0,0.1278974859817548,0.8366724070067261,244.0020491717232,250.0,0.0123581127406597,0.7197173681912087,5.25,73.38762729008931,0,0,11,UNRESOLVED_OR_WEAK,LOW,"weak, unresolved, or outside provisional rules; parent_stage8=ROBUST-DIAGNOSTIC-CANDIDATE",UNRESOLVED_OR_WEAK,STABLE,0,0,1,1,1,0,0,0,1
KK98-251,ROBUST-DIAGNOSTIC-CANDIDATE,15,-100.62833965815712,-18.844241427182432,-267.92874972876456,-100.62833965815712,-18.844241427182432,-267.92874972876456,0,0,0,0.6517010558274364,0.7000395472910395,33.752999866678515,34.6,0.6284665887812021,0.4100048715619281,2.5,1.33656441512536,1,1,20,SN_RRF_FAMILY_LIKE,MEDIUM-HIGH,RRF improves over baryonic/RAR and is competitive with NFW; continuum best-n in central family range; parent_stage8=ROBUST-DIAGNOSTIC-CANDIDATE,SN_RRF_FAMILY_LIKE,STABLE,0,0,1,1,1,0,0,1,1
NGC0024,ROBUST-DIAGNOSTIC-CANDIDATE,29,-634.8091012517107,7.135648329728966,1.4709637220976326,-634.8091012517107,7.135648329728966,1.4709637220976326,0,0,0,0.0810573064565123,0.9278399647960706,107.0,110.0,0.0319716696243104,0.3737699973796838,2.0,11.47495175481254,0,0,7,UNRESOLVED_OR_WEAK,LOW,"weak, unresolved, or outside provisional rules; parent_stage8=ROBUST-DIAGNOSTIC-CANDIDATE",MIXED_COMPETITIVE,WEAK-MISMATCH,0,0,1,0,1,0,0,1,1
NGC0055,ROBUST-DIAGNOSTIC-CANDIDATE,21,-352.0809818820793,-29.681438627097965,-73.65768440958334,-352.0809818820793,-29.681438627097965,-73.65768440958334,0,0,0,0.3935160498339721,0.6793056427322015,86.1500145095751,87.4,0.4279721391830404,0.4450151950497351,2.5,7.051930215369249,0,1,7,SN_RRF_FAMILY_LIKE,MEDIUM-HIGH,RRF improves over baryonic/RAR and is competitive with NFW; continuum best-n in central family range; parent_stage8=ROBUST-DIAGNOSTIC-CANDIDATE,SN_RRF_FAMILY_LIKE,STABLE,0,0,1,1,1,0,0,1,1
NGC0100,ROBUST-DIAGNOSTIC-CANDIDATE,21,-185.8095272620149,-11.88790242640696,-20.18171009238028,-185.8095272620149,-11.88790242640696,-20.18171009238028,0,0,0,0.4751104934531729,0.7894762601547056,88.25318691129516,91.2,0.0717130771642955,0.2797471119741931,2.0,6.4971619481819065,0,1,11,SN_RRF_FAMILY_LIKE,MEDIUM-HIGH,RRF improves over baryonic/RAR and is competitive with NFW; continuum best-n in central family range; parent_stage8=ROBUST-DIAGNOSTIC-CANDIDATE,SN_RRF_FAMILY_LIKE,STABLE,0,0,1,1,1,0,0,1,1
NGC0247,BARYONIC-ONLY-IMPROVEMENT-NFW-DOMINANT,26,-307.1325333679682,41.81432121165855,-20.2454513605798,-307.1325333679682,41.81432121165855,-20.2454513605798,1,0,1,0.1210005570401167,0.0972548888846179,105.0,108.0,0.1711993075392346,0.3700970975056689,1.25,125.4607541050141,0,0,3,NUISANCE_SENSITIVE,MEDIUM,nuisance-sensitive parent class or nuisance boundary; parent_stage8=BARYONIC-ONLY-IMPROVEMENT-NFW-DOMINANT,NUISANCE_SENSITIVE,STABLE,0,1,1,1,0,1,0,1,1
NGC0289,ROBUST-DIAGNOSTIC-CANDIDATE,28,-1124.2274814652092,1.4314844918150629,-159.51554937528147,-1124.2274814652092,1.4314844918150629,-159.51554937528147,0,0,0,0.0141162959225653,0.8675265699891052,166.0,194.0,0.2416826300158278,0.3135273116562636,1.0,7.840947999027563,0,1,18,SN_RRF_FAMILY_LIKE,MEDIUM-HIGH,RRF improves over baryonic/RAR and is competitive with NFW; continuum best-n in central family range; parent_stage8=ROBUST-DIAGNOSTIC-CANDIDATE,UNRESOLVED_OR_WEAK,WEAK-MISMATCH,0,0,1,1,1,0,0,1,0
NGC0300,WEAK-OR-REGIME-DEPENDENT-SIGNAL,25,-1087.0519845576289,-0.3395588176050452,-14.373724476774868,-1087.0519845576289,-0.3395588176050452,-14.373724476774868,0,0,0,0.4784997912371106,0.8048134135329373,93.7,97.0,0.1550053289260283,0.2263246196619698,1.5,31.841602384673216,0,0,6,UNRESOLVED_OR_WEAK,LOW,"weak, unresolved, or outside provisional rules; parent_stage8=WEAK-OR-REGIME-DEPENDENT-SIGNAL",SN_RRF_FAMILY_LIKE,CAUTION-RECLASSIFY,0,0,1,1,1,0,0,1,1
NGC0801,ROBUST-DIAGNOSTIC-CANDIDATE,13,-564.6064449009364,9.690841994559634,-386.4126969769308,-564.6064449009364,9.690841994559634,-386.4126969769308,0,0,0,0.5127765548207415,0.5713750930334038,216.0,238.0,0.0231009928853863,0.7427947498713993,12.0,11.706741522449748,0,0,30,UNRESOLVED_OR_WEAK,LOW,"weak, unresolved, or outside provisional rules; parent_stage8=ROBUST-DIAGNOSTIC-CANDIDATE",PATHOLOGY_ARCHIVE,CAUTION-RECLASSIFY,1,0,1,1,1,0,0,0,1
NGC0891,ROBUST-DIAGNOSTIC-CANDIDATE,18,-1252.9684387985612,-7.924308284086909,-104.25575823002822,-1252.9684387985612,-7.924308284086909,-104.25575823002822,0,0,0,0.2569285870056897,0.7310455505677906,216.0,234.0,0.0066657972355341,0.971278594393004,8.0,42.97637879906492,0,0,21,UNRESOLVED_OR_WEAK,LOW,"weak, unresolved, or outside provisional rules; parent_stage8=ROBUST-DIAGNOSTIC-CANDIDATE",UNRESOLVED_OR_WEAK,STABLE,0,0,1,1,1,0,0,0,1
NGC1003,BARYONIC-ONLY-IMPROVEMENT-NFW-DOMINANT,36,-8675.803159636136,83.15446721790548,-0.7853814960119223,-8675.803159636136,83.15446721790548,-0.7853814960119223,0,0,0,0.4097535546942801,0.8558053835801376,112.0,115.0,0.3465203095997785,0.153368853635204,0.75,234.212930732452,0,0,2,HALO_DOMINANT_LIKE,MEDIUM,NFW-like comparator substantially outperforms representative RRF; parent_stage8=BARYONIC-ONLY-IMPROVEMENT-NFW-DOMINANT,HALO_DOMINANT_LIKE,STABLE,0,0,1,0,0,1,0,0,1
NGC1090,WEAK-OR-REGIME-DEPENDENT-SIGNAL,24,-1156.2407944498095,16.953800341827304,-100.70580296922572,-1156.2407944498095,16.953800341827304,-100.70580296922572,0,0,0,0.4581816588882336,0.5967506591893686,162.0,176.0,0.0529771945254427,0.5813232205456487,2.25,3.4504335226829,0,1,28,HALO_DOMINANT_LIKE,MEDIUM,NFW-like comparator substantially outperforms representative RRF; parent_stage8=WEAK-OR-REGIME-DEPENDENT-SIGNAL,HALO_DOMINANT_LIKE,STABLE,0,0,1,1,0,1,0,1,1
NGC1705,NUISANCE-SENSITIVE-DIAGNOSTIC-SIGNAL,14,-453.0808221252988,0.336819155889664,1.4227247979103108,-453.0808221252988,0.336819155889664,1.4227247979103108,1,0,1,0.2699652734891807,0.7585732608356638,71.5,73.2,0.2206113878290372,0.1191345493667172,1.25,3.0359257756946603,0,1,41,NUISANCE_SENSITIVE,MEDIUM,nuisance-sensitive parent class or nuisance boundary; parent_stage8=NUISANCE-SENSITIVE-DIAGNOSTIC-SIGNAL,NUISANCE_SENSITIVE,STABLE,0,1,1,0,1,0,0,1,1
NGC2366,ROBUST-DIAGNOSTIC-CANDIDATE,26,-978.0208788797082,-60.47897325308805,-188.1753059229772,-978.0208788797082,-60.47897325308805,-188.1753059229772,0,0,0,0.332707052816288,0.7937583070945281,50.0,53.7,0.5746768881382994,0.3613232799999999,3.25,0.019040711869426,1,1,12,SN_RRF_FAMILY_LIKE,MEDIUM-HIGH,RRF improves over baryonic/RAR and is competitive with NFW; continuum best-n in central family range; parent_stage8=ROBUST-DIAGNOSTIC-CANDIDATE,SN_RRF_FAMILY_LIKE,STABLE,0,0,1,1,1,0,0,1,1
NGC2403,BARYONIC-ONLY-IMPROVEMENT-NFW-DOMINANT,73,-59721.55425667406,124.71497198527447,-423.8614213681684,-59721.55425667406,124.71497198527447,-423.8614213681684,0,0,0,0.255626880640402,0.6734263262514253,134.0,136.0,0.0372272421295695,0.2607046781020271,1.0,1888.8188068935087,0,0,1,HALO_DOMINANT_LIKE,MEDIUM,NFW-like comparator substantially outperforms representative RRF; parent_stage8=BARYONIC-ONLY-IMPROVEMENT-NFW-DOMINANT,HALO_DOMINANT_LIKE,STABLE,0,0,1,1,0,1,0,1,1
NGC2683,ROBUST-DIAGNOSTIC-CANDIDATE,11,-117.3029961750512,-0.3289693086010885,-12.870286113773432,-117.3029961750512,-0.3289693086010885,-12.870286113773432,0,0,0,0.1734499851093886,0.6746402105930327,155.0,212.0,0.0238521332796055,0.4750915046826222,3.258993,0.0,1,1,41,SN_RRF_FAMILY_LIKE,MEDIUM-HIGH,RRF improves over baryonic/RAR and is competitive with NFW; continuum best-n in central family range; parent_stage8=ROBUST-DIAGNOSTIC-CANDIDATE,SN_RRF_FAMILY_LIKE,STABLE,0,0,1,1,1,0,0,1,1
NGC2841,ROBUST-DIAGNOSTIC-CANDIDATE,50,-8501.352261445883,5.4936443422820105,-17.88185729762357,-8501.352261445883,5.4936443422820105,-17.88185729762357,0,0,0,0.0308633511474263,0.8143661429406062,282.0,323.0,0.0407041214738189,0.2486075675267843,2.5,2.244364582263202,0,1,16,SN_RRF_FAMILY_LIKE,MEDIUM-HIGH,RRF improves over baryonic/RAR and is competitive with NFW; continuum best-n in central family range; parent_stage8=ROBUST-DIAGNOSTIC-CANDIDATE,UNRESOLVED_OR_WEAK,WEAK-MISMATCH,0,0,1,1,1,0,0,1,0
NGC2903,WEAK-OR-REGIME-DEPENDENT-SIGNAL,34,-6651.725752615665,72.60862160832198,-167.33797184104805,-6651.725752615665,72.60862160832198,-167.33797184104805,0,0,0,0.2019274578334512,0.7373296595394772,182.0,216.0,0.0166780161063213,0.5436566386909794,3.258993,0.0,1,1,7,HALO_DOMINANT_LIKE,MEDIUM,NFW-like comparator substantially outperforms representative RRF; parent_stage8=WEAK-OR-REGIME-DEPENDENT-SIGNAL,HALO_DOMINANT_LIKE,STABLE,0,0,1,1,0,1,0,1,1
NGC2915,ROBUST-DIAGNOSTIC-CANDIDATE,30,-1143.95130855183,-11.94079563311588,-77.31404019901808,-1143.95130855183,-11.94079563311588,-77.31404019901808,0,0,0,0.1536465753194603,0.9418666509924714,83.45936136827312,86.5,0.3112271069925207,0.0981231978051716,5.5,2.6769633130868726,0,1,34,MIXED_COMPETITIVE,MEDIUM,continuum-family fit is competitive but comparator dominance is not clean; parent_stage8=ROBUST-DIAGNOSTIC-CANDIDATE,UNRESOLVED_OR_WEAK,WEAK-MISMATCH,0,0,1,1,1,0,0,0,1
NGC2955,ROBUST-DIAGNOSTIC-CANDIDATE,24,-164.37892095256245,-8.302928203728271,-25.830462346523447,-164.37892095256245,-8.302928203728271,-25.830462346523447,0,0,0,0.2067033202392728,0.7848764104626179,255.50440309317568,276.0,0.0103739801459346,0.9159232497223604,5.5,1.647566208784184,1,1,39,MIXED_COMPETITIVE,MEDIUM,continuum-family fit is competitive but comparator dominance is not clean; parent_stage8=ROBUST-DIAGNOSTIC-CANDIDATE,UNRESOLVED_OR_WEAK,WEAK-MISMATCH,0,0,1,1,1,0,0,0,1
NGC2976,WEAK-OR-REGIME-DEPENDENT-SIGNAL,27,-5.991928955864246,-9.991940759791897,-18.331923063019545,-5.991928955864246,-9.991940759791897,-18.331923063019545,0,0,0,0.6147370866235623,0.4116504184884204,83.6,88.7,0.0361016628216354,0.943591607334997,2.25,4.056960582475851,0,1,11,MIXED_COMPETITIVE,MEDIUM,continuum-family fit is competitive but comparator dominance is not clean; parent_stage8=WEAK-OR-REGIME-DEPENDENT-SIGNAL,UNRESOLVED_OR_WEAK,WEAK-MISMATCH,0,0,0,1,1,0,0,1,1
NGC2998,BARYONIC-ONLY-IMPROVEMENT-NFW-DOMINANT,13,-475.79138460945904,10.381829175416511,-62.770807930037655,-475.79138460945904,10.381829175416511,-62.770807930037655,0,0,0,0.5077935529835234,0.5539695427589976,213.0,214.0,0.0221147120633974,0.5599962838061232,0.5,31.897892636110083,0,0,3,HALO_DOMINANT_LIKE,MEDIUM,NFW-like comparator substantially outperforms representative RRF; parent_stage8=BARYONIC-ONLY-IMPROVEMENT-NFW-DOMINANT,HALO_DOMINANT_LIKE,STABLE,0,0,1,1,0,1,0,0,1
NGC3109,NUISANCE-SENSITIVE-DIAGNOSTIC-SIGNAL,25,-2365.655068318094,-161.89838172143902,-91.2725050615632,-2365.655068318094,-161.89838172143902,-91.2725050615632,1,0,1,0.4293191288380705,0.8070844033325747,66.2,67.3,0.5353212660885707,0.1245184189629521,2.0,40.31608732740715,0,0,4,NUISANCE_SENSITIVE,MEDIUM,nuisance-sensitive parent class or nuisance boundary; parent_stage8=NUISANCE-SENSITIVE-DIAGNOSTIC-SIGNAL,NUISANCE_SENSITIVE,STABLE,0,1,1,1,1,0,0,1,1
NGC3198,BARYONIC-ONLY-IMPROVEMENT-NFW-DOMINANT,43,-9806.095167806528,20.36332958057023,-336.551468673339,-9806.095167806528,20.36332958057023,-336.551468673339,0,0,0,0.0846696283337501,0.8686771422977494,149.0,157.0,0.0082695562326993,0.3169300572046304,2.0,68.27622646872766,0,0,3,HALO_DOMINANT_LIKE,MEDIUM,NFW-like comparator substantially outperforms representative RRF; parent_stage8=BARYONIC-ONLY-IMPROVEMENT-NFW-DOMINANT,HALO_DOMINANT_LIKE,STABLE,0,0,1,1,0,1,0,1,1
NGC3521,WEAK-OR-REGIME-DEPENDENT-SIGNAL,41,-318.58193033501345,-4.960346638745786,-12.949422081464558,-318.58193033501345,-4.960346638745786,-12.949422081464558,0,0,0,0.5007945913343906,0.6721580250266834,210.0,220.0,0.0013894499413042,1.3059720929705214,0.75,38.90827944227939,0,0,4,UNRESOLVED_OR_WEAK,LOW,"weak, unresolved, or outside provisional rules; parent_stage8=WEAK-OR-REGIME-DEPENDENT-SIGNAL",UNRESOLVED_OR_WEAK,STABLE,0,0,1,1,1,0,0,0,1
NGC3726,ROBUST-DIAGNOSTIC-CANDIDATE,12,-159.7345095895339,0.7326838796321553,-11.233995010072,-159.7345095895339,0.7326838796321553,-11.233995010072,0,0,0,0.7361415619456106,0.9704088354627832,168.0,169.0,0.0630373537125971,0.4410980725623583,1.0,8.093884150405788,0,1,15,SN_RRF_FAMILY_LIKE,MEDIUM-HIGH,RRF improves over baryonic/RAR and is competitive with NFW; continuum best-n in central family range; parent_stage8=ROBUST-DIAGNOSTIC-CANDIDATE,SN_RRF_FAMILY_LIKE,STABLE,0,0,1,1,1,0,0,1,1
NGC3741,BARYONIC-ONLY-IMPROVEMENT-NFW-DOMINANT,21,-2121.7605924094782,18.2410218851676,4.828965273451253,-2121.7605924094782,18.2410218851676,4.828965273451253,1,0,1,0.3432063828402699,0.8870160178268314,50.05002497501874,51.6,0.7031385125061296,0.0835628471799457,1.0,49.06825332828568,0,0,4,NUISANCE_SENSITIVE,MEDIUM,nuisance-sensitive parent class or nuisance boundary; parent_stage8=BARYONIC-ONLY-IMPROVEMENT-NFW-DOMINANT,NUISANCE_SENSITIVE,STABLE,0,1,1,0,0,1,0,1,1
NGC3769,ROBUST-DIAGNOSTIC-CANDIDATE,12,-230.3431135085724,-1.9423188219329888,-2.018179121106225,-230.3431135085724,-1.9423188219329888,-2.018179121106225,0,0,0,0.1255853561955343,0.7893428798718538,118.0,126.0,0.1458627926780492,0.2450496768170066,4.75,0.6340222669012263,1,1,38,MIXED_COMPETITIVE,MEDIUM,continuum-family fit is competitive but comparator dominance is not clean; parent_stage8=ROBUST-DIAGNOSTIC-CANDIDATE,MIXED_COMPETITIVE,STABLE,0,0,1,0,1,0,0,0,1
NGC3877,ROBUST-DIAGNOSTIC-CANDIDATE,13,-86.358548121863,-35.67430983851146,-83.86792214437396,-86.358548121863,-35.67430983851146,-83.86792214437396,0,0,0,0.2256837395994895,0.8821634097143458,170.5007331362537,171.0,0.0146172435737962,1.377737799487453,12.0,15.517417496258538,0,0,26,UNRESOLVED_OR_WEAK,LOW,"weak, unresolved, or outside provisional rules; parent_stage8=ROBUST-DIAGNOSTIC-CANDIDATE",PATHOLOGY_ARCHIVE,CAUTION-RECLASSIFY,1,0,1,1,1,0,0,0,1
NGC3893,ROBUST-DIAGNOSTIC-CANDIDATE,10,-148.54606231101403,-2.3919219534070777,-2.734672974689426,-148.54606231101403,-2.3919219534070777,-2.734672974689426,0,0,0,0.2009322395221461,0.6793149981012401,176.0,194.0,0.0732720978196661,0.5758161479855373,3.0,0.0033011924749564,1,1,39,MIXED_COMPETITIVE,MEDIUM,continuum-family fit is competitive but comparator dominance is not clean; parent_stage8=ROBUST-DIAGNOSTIC-CANDIDATE,MIXED_COMPETITIVE,STABLE,0,0,1,0,1,0,0,1,1
NGC3917,ROBUST-DIAGNOSTIC-CANDIDATE,17,-66.90623722548709,-30.81554837443571,-35.06246353355503,-66.90623722548709,-30.81554837443571,-35.06246353355503,0,0,0,0.2345598019978817,0.7641541104504481,137.0,138.0,0.0367328159500364,0.5510873674676328,2.75,2.385929377847175,0,1,10,SN_RRF_FAMILY_LIKE,MEDIUM-HIGH,RRF improves over baryonic/RAR and is competitive with NFW; continuum best-n in central family range; parent_stage8=ROBUST-DIAGNOSTIC-CANDIDATE,SN_RRF_FAMILY_LIKE,STABLE,0,0,1,1,1,0,0,1,1
NGC3953,WEAK-OR-REGIME-DEPENDENT-SIGNAL,8,-0.3026182431951874,-0.927414112714576,-15.295726589816486,-0.3026182431951874,-0.927414112714576,-15.295726589816486,0,0,0,0.1927907956342734,0.5856043676211612,223.0,224.0,0.0036726045377133,1.122566912666653,4.0,0.0315404093617397,1,1,41,MIXED_COMPETITIVE,MEDIUM,continuum-family fit is competitive but comparator dominance is not clean; parent_stage8=WEAK-OR-REGIME-DEPENDENT-SIGNAL,UNRESOLVED_OR_WEAK,WEAK-MISMATCH,0,0,0,1,1,0,0,1,1
NGC3972,ROBUST-DIAGNOSTIC-CANDIDATE,10,-21.48021338192996,4.8453262783843485,4.622005116946202,-21.48021338192996,4.8453262783843485,4.622005116946202,0,0,0,0.2992767913822083,0.5586210797632447,134.0,134.0,0.0385254628269916,0.5772315660503452,1.75,7.029628025377111,0,1,12,MIXED_COMPETITIVE,MEDIUM,continuum-family fit is competitive but comparator dominance is not clean; parent_stage8=ROBUST-DIAGNOSTIC-CANDIDATE,MIXED_COMPETITIVE,STABLE,0,0,1,0,1,0,0,1,1
NGC3992,ROBUST-DIAGNOSTIC-CANDIDATE,9,-155.95853201150243,2.84716607507712,-19.050611417136643,-155.95853201150243,2.84716607507712,-19.050611417136643,0,0,0,0.6962696184160729,0.6238252687227074,241.0,272.0,0.06005394060121,0.4823361718978666,3.0,0.0012824551367867,1,1,41,SN_RRF_FAMILY_LIKE,MEDIUM-HIGH,RRF improves over baryonic/RAR and is competitive with NFW; continuum best-n in central family range; parent_stage8=ROBUST-DIAGNOSTIC-CANDIDATE,SN_RRF_FAMILY_LIKE,STABLE,0,0,1,1,1,0,0,1,1
NGC4010,ROBUST-DIAGNOSTIC-CANDIDATE,12,-80.76806262730264,-10.368591255906082,-8.759941076514806,-80.76806262730264,-10.368591255906082,-8.759941076514806,0,0,0,0.5256689605596522,0.7145729854714572,124.0,129.0,0.0567674281678961,0.6494670720603538,4.5,0.7854011122555775,1,1,36,MIXED_COMPETITIVE,MEDIUM,continuum-family fit is competitive but comparator dominance is not clean; parent_stage8=ROBUST-DIAGNOSTIC-CANDIDATE,MIXED_COMPETITIVE,STABLE,0,0,1,0,1,0,0,0,1
NGC4013,WEAK-OR-REGIME-DEPENDENT-SIGNAL,36,-1971.0390906730645,6.774207219021779,-16.863603357280475,-1971.0390906730645,6.774207219021779,-16.863603357280475,0,0,0,0.5814867725017985,0.8242986093402892,178.0,198.0,0.0406969536526795,0.4171963199091023,0.75,61.57134876027426,0,0,3,UNRESOLVED_OR_WEAK,LOW,"weak, unresolved, or outside provisional rules; parent_stage8=WEAK-OR-REGIME-DEPENDENT-SIGNAL",UNRESOLVED_OR_WEAK,STABLE,0,0,1,1,1,0,0,0,1
NGC4088,ROBUST-DIAGNOSTIC-CANDIDATE,12,-100.75092404434449,0.9910136851697562,-2.5414338695906693,-100.75092404434449,0.9910136851697562,-2.5414338695906693,0,0,0,0.8583586836748988,0.8830236705413889,171.0,182.0,0.0497242113485385,0.9990734550801956,4.0,0.2261431498494666,1,1,36,MIXED_COMPETITIVE,MEDIUM,continuum-family fit is competitive but comparator dominance is not clean; parent_stage8=ROBUST-DIAGNOSTIC-CANDIDATE,MIXED_COMPETITIVE,STABLE,0,0,1,0,1,0,0,1,1
NGC4100,WEAK-OR-REGIME-DEPENDENT-SIGNAL,24,-263.58877909220905,18.295481454981505,-3.088525197969041,-263.58877909220905,18.295481454981505,-3.088525197969041,0,0,0,0.4084266854895712,0.6119712318747283,158.50078864157112,195.0,0.0351661641969446,0.5881829535277142,3.0,0.0791194170903217,1,1,36,HALO_DOMINANT_LIKE,MEDIUM,NFW-like comparator substantially outperforms representative RRF; parent_stage8=WEAK-OR-REGIME-DEPENDENT-SIGNAL,HALO_DOMINANT_LIKE,STABLE,0,0,1,0,0,1,0,1,1
NGC4157,NUISANCE-SENSITIVE-DIAGNOSTIC-SIGNAL,17,-258.6628215909104,0.1710034584290056,-2.511451812348504,-258.6628215909104,0.1710034584290056,-2.511451812348504,1,0,1,0.5632411802959979,0.7565471874706314,185.0,201.0,0.0668327980288619,0.5970867406866325,1.5,5.137606372420848,0,1,15,NUISANCE_SENSITIVE,MEDIUM,nuisance-sensitive parent class or nuisance boundary; parent_stage8=NUISANCE-SENSITIVE-DIAGNOSTIC-SIGNAL,NUISANCE_SENSITIVE,STABLE,0,1,1,0,1,0,0,1,1
NGC4183,ROBUST-DIAGNOSTIC-CANDIDATE,23,-116.05733409619327,7.384526274920788,-44.15274899107561,-116.05733409619327,7.384526274920788,-44.15274899107561,0,0,0,0.123282773957538,0.6790746966138612,110.5011312159292,115.0,0.2038578648370536,0.3486266000573276,1.5,7.013943698568509,0,1,15,SN_RRF_FAMILY_LIKE,MEDIUM-HIGH,RRF improves over baryonic/RAR and is competitive with NFW; continuum best-n in central family range; parent_stage8=ROBUST-DIAGNOSTIC-CANDIDATE,SN_RRF_FAMILY_LIKE,STABLE,0,0,1,1,1,0,0,1,1
NGC4214,WEAK-OR-REGIME-DEPENDENT-SIGNAL,14,-123.53044712112604,0.9514039515464816,-5.541703990521018,-123.53044712112604,0.9514039515464816,-5.541703990521018,0,0,0,0.4455934256136883,0.8429861473753444,80.50006211177728,80.6,0.0973905972681566,0.1873241197112461,0.5,15.36861589737008,0,0,8,UNRESOLVED_OR_WEAK,LOW,"weak, unresolved, or outside provisional rules; parent_stage8=WEAK-OR-REGIME-DEPENDENT-SIGNAL",MIXED_COMPETITIVE,WEAK-MISMATCH,0,0,1,0,1,0,0,0,1
NGC4217,ROBUST-DIAGNOSTIC-CANDIDATE,19,-287.56180300876275,-23.63321318713956,-19.33929792723969,-287.56180300876275,-23.63321318713956,-19.33929792723969,0,0,0,0.1384154772051793,0.8905838106602119,178.0,191.0,0.0169531319570333,0.8335062271177882,12.0,31.8098183862993,0,0,19,UNRESOLVED_OR_WEAK,LOW,"weak, unresolved, or outside provisional rules; parent_stage8=ROBUST-DIAGNOSTIC-CANDIDATE",PATHOLOGY_ARCHIVE,CAUTION-RECLASSIFY,1,0,1,1,1,0,0,0,1
NGC4559,ROBUST-DIAGNOSTIC-CANDIDATE,32,-538.6632355482288,-1.3942484055996385,-41.896487360435074,-538.6632355482288,-1.3942484055996385,-41.896487360435074,0,0,0,0.427997915016395,0.6841015423390955,121.50102880222866,124.0,0.1327742816631758,0.5037915596951735,1.75,9.361079663185276,0,1,11,SN_RRF_FAMILY_LIKE,MEDIUM-HIGH,RRF improves over baryonic/RAR and is competitive with NFW; continuum best-n in central family range; parent_stage8=ROBUST-DIAGNOSTIC-CANDIDATE,SN_RRF_FAMILY_LIKE,STABLE,0,0,1,1,1,0,0,1,1
NGC5005,WEAK-OR-REGIME-DEPENDENT-SIGNAL,18,-2.119397769565301,0.0581527043722065,3.977571268346288,-2.119397769565301,0.0581527043722065,3.977571268346288,0,0,0,0.7841090001293813,0.4305818807609787,265.0,265.0,0.0395353346041167,1.2326165510857956,4.0,0.0737731423785774,1,1,39,MIXED_COMPETITIVE,MEDIUM,continuum-family fit is competitive but comparator dominance is not clean; parent_stage8=WEAK-OR-REGIME-DEPENDENT-SIGNAL,UNRESOLVED_OR_WEAK,WEAK-MISMATCH,0,0,0,0,1,0,0,1,1
NGC5033,WEAK-OR-REGIME-DEPENDENT-SIGNAL,22,-2527.234221925847,15.153882811753562,-104.99816021685211,-2527.234221925847,15.153882811753562,-104.99816021685211,0,0,0,0.1881514729771759,0.7743013008529714,193.5006459937537,225.0,0.0891501620959167,0.3984446591440208,3.75,1.9222647127935064,1,1,13,HALO_DOMINANT_LIKE,MEDIUM,NFW-like comparator substantially outperforms representative RRF; parent_stage8=WEAK-OR-REGIME-DEPENDENT-SIGNAL,HALO_DOMINANT_LIKE,STABLE,0,0,1,1,0,1,0,1,1
NGC5055,ROBUST-DIAGNOSTIC-CANDIDATE,28,-41613.3328446173,-21.54528009294158,-1239.1178797015543,-41613.3328446173,-21.54528009294158,-1239.1178797015543,0,0,0,0.2052551647246638,0.713314265732482,179.0,206.0,0.0442588209343316,0.5086629786835618,3.5,8.589946668364703,0,1,5,SN_RRF_FAMILY_LIKE,MEDIUM-HIGH,RRF improves over baryonic/RAR and is competitive with NFW; continuum best-n in central family range; parent_stage8=ROBUST-DIAGNOSTIC-CANDIDATE,SN_RRF_FAMILY_LIKE,STABLE,0,0,1,1,1,0,0,1,1
NGC5371,CORE-PATHOLOGY-ARCHIVE,19,-290.0276635362495,40.38036866812003,-874.1678714521305,-290.0276635362495,40.38036866812003,-874.1678714521305,1,1,0,3.3213889274289667,23.11390532325857,208.0,242.0,0.0295591008345643,0.9718086399778108,12.0,0.1303670251894857,1,1,41,PATHOLOGY_ARCHIVE,HIGH,core/pathology flag or extreme scale/amplitude; parent_stage8=CORE-PATHOLOGY-ARCHIVE,PATHOLOGY_ARCHIVE,STABLE,1,0,1,1,0,1,0,0,0
NGC5585,ROBUST-DIAGNOSTIC-CANDIDATE,24,-3701.828463805412,-65.67138890093712,-109.56586169384468,-3701.828463805412,-65.67138890093712,-109.56586169384468,0,0,0,0.3454855003864507,0.7952241884466634,90.75012396685749,92.3,0.0337531481386071,0.3066061063057451,2.25,19.28020074885777,0,0,5,UNRESOLVED_OR_WEAK,LOW,"weak, unresolved, or outside provisional rules; parent_stage8=ROBUST-DIAGNOSTIC-CANDIDATE",SN_RRF_FAMILY_LIKE,CAUTION-RECLASSIFY,0,0,1,1,1,0,0,1,1
NGC5907,WEAK-OR-REGIME-DEPENDENT-SIGNAL,19,-1981.2881760319449,19.22270982785227,-397.26149468221047,-1981.2881760319449,19.22270982785227,-397.26149468221047,0,0,0,0.6102522151079524,0.6299398347573697,216.0,235.0,0.0851627896794965,0.4649302854938272,0.5,15.964356676969295,0,0,6,HALO_DOMINANT_LIKE,MEDIUM,NFW-like comparator substantially outperforms representative RRF; parent_stage8=WEAK-OR-REGIME-DEPENDENT-SIGNAL,HALO_DOMINANT_LIKE,STABLE,0,0,1,1,0,1,0,0,1
NGC5985,ROBUST-DIAGNOSTIC-CANDIDATE,33,-354.50276751731616,-19.07050674245376,-302.26502412645,-354.50276751731616,-19.07050674245376,-302.26502412645,0,0,0,0.1389286977844979,0.9072999646191432,292.0,305.0,0.0113540824358697,0.5100550994558077,3.75,1.4069390949408032,1,1,17,SN_RRF_FAMILY_LIKE,MEDIUM-HIGH,RRF improves over baryonic/RAR and is competitive with NFW; continuum best-n in central family range; parent_stage8=ROBUST-DIAGNOSTIC-CANDIDATE,SN_RRF_FAMILY_LIKE,STABLE,0,0,1,1,1,0,0,1,1
NGC6015,WEAK-OR-REGIME-DEPENDENT-SIGNAL,44,-3014.4219671648266,-46.23373513978515,-307.1474275232767,-3014.4219671648266,-46.23373513978515,-307.1474275232767,0,0,0,0.505492033420091,0.8056478695530099,155.0,166.0,0.1102062641318496,0.3217735275754422,1.5,187.1941243197234,0,0,1,UNRESOLVED_OR_WEAK,LOW,"weak, unresolved, or outside provisional rules; parent_stage8=WEAK-OR-REGIME-DEPENDENT-SIGNAL",SN_RRF_FAMILY_LIKE,CAUTION-RECLASSIFY,0,0,1,1,1,0,0,1,1
NGC6195,ROBUST-DIAGNOSTIC-CANDIDATE,23,-201.90100917035767,-10.354882245149875,-11.167982228059902,-201.90100917035767,-10.354882245149875,-11.167982228059902,0,0,0,0.3220978046420039,0.6792219319871858,254.5004911586616,258.0,0.0206242180260503,1.0444750719849314,1.25,11.251816843349438,0,0,9,UNRESOLVED_OR_WEAK,LOW,"weak, unresolved, or outside provisional rules; parent_stage8=ROBUST-DIAGNOSTIC-CANDIDATE",SN_RRF_FAMILY_LIKE,CAUTION-RECLASSIFY,0,0,1,1,1,0,0,1,1
NGC6503,WEAK-OR-REGIME-DEPENDENT-SIGNAL,31,-10392.538787264271,-8.257315146425398,-46.80452682233782,-10392.538787264271,-8.257315146425398,-46.80452682233782,0,0,0,0.051049919783919,0.9299111711403716,115.0,121.0,0.1338904283183467,0.2571210699432892,2.0,27.80636304189872,0,0,5,UNRESOLVED_OR_WEAK,LOW,"weak, unresolved, or outside provisional rules; parent_stage8=WEAK-OR-REGIME-DEPENDENT-SIGNAL",SN_RRF_FAMILY_LIKE,CAUTION-RECLASSIFY,0,0,1,1,1,0,0,1,1
NGC6674,ROBUST-DIAGNOSTIC-CANDIDATE,15,-3011.741039972573,-6.310577140777951,-116.05959987004528,-3011.741039972573,-6.310577140777951,-116.05959987004528,0,0,0,0.6819900468154461,0.8374708208455257,242.0,291.0,0.0695715289980319,0.2957972559934431,12.0,0.7033540399539504,1,1,41,UNRESOLVED_OR_WEAK,LOW,"weak, unresolved, or outside provisional rules; parent_stage8=ROBUST-DIAGNOSTIC-CANDIDATE",PATHOLOGY_ARCHIVE,CAUTION-RECLASSIFY,1,0,1,1,1,0,0,0,1
NGC6946,ROBUST-DIAGNOSTIC-CANDIDATE,58,-1048.6961655128832,3.535364067191537,-20.02070333887569,-1048.6961655128832,3.535364067191537,-20.02070333887569,0,0,0,0.1891341960815337,0.6529728163309683,158.0,181.0,0.0418416542681228,0.7552493230251563,2.5,6.444076863174857,0,1,8,SN_RRF_FAMILY_LIKE,MEDIUM-HIGH,RRF improves over baryonic/RAR and is competitive with NFW; continuum best-n in central family range; parent_stage8=ROBUST-DIAGNOSTIC-CANDIDATE,SN_RRF_FAMILY_LIKE,STABLE,0,0,1,1,1,0,0,1,1
NGC7331,WEAK-OR-REGIME-DEPENDENT-SIGNAL,36,-3850.4552507302255,48.65936071302906,29.83651035798596,-3850.4552507302255,48.65936071302906,29.83651035798596,1,0,1,0.4081938448612879,0.6488052483390173,239.0,257.0,0.0400385733168341,0.680788196985347,2.75,3.6421598605320185,0,1,7,NUISANCE_SENSITIVE,MEDIUM,nuisance-sensitive parent class or nuisance boundary; parent_stage8=WEAK-OR-REGIME-DEPENDENT-SIGNAL,NUISANCE_SENSITIVE,STABLE,0,1,1,0,0,1,1,1,1
NGC7793,WEAK-OR-REGIME-DEPENDENT-SIGNAL,46,-84.80212267430582,-11.69933662464721,-6.451756400230437,-84.80212267430582,-11.69933662464721,-6.451756400230437,0,0,0,0.4069714823403204,0.4243164820069283,110.51018052650171,116.0,0.0131697783960118,0.6644340552712386,1.5,21.961020327390308,0,0,5,UNRESOLVED_OR_WEAK,LOW,"weak, unresolved, or outside provisional rules; parent_stage8=WEAK-OR-REGIME-DEPENDENT-SIGNAL",MIXED_COMPETITIVE,WEAK-MISMATCH,0,0,1,0,1,0,0,1,1
NGC7814,NUISANCE-SENSITIVE-DIAGNOSTIC-SIGNAL,18,-1044.448527656624,7.065837429098172,-4.226055455840424,-1044.448527656624,7.065837429098172,-4.226055455840424,1,0,1,0.5412059933885343,0.6316114142134042,214.0,265.0,0.0058556347331544,0.4338701720674294,2.25,2.329651043693463,0,1,15,NUISANCE_SENSITIVE,MEDIUM,nuisance-sensitive parent class or nuisance boundary; parent_stage8=NUISANCE-SENSITIVE-DIAGNOSTIC-SIGNAL,NUISANCE_SENSITIVE,STABLE,0,1,1,0,1,0,0,1,1
UGC00128,BARYONIC-ONLY-IMPROVEMENT-NFW-DOMINANT,22,-52809.19487251544,62.52120426555621,-1931.5189498801287,-52809.19487251544,62.52120426555621,-1931.5189498801287,1,0,1,0.1138607710187257,0.8769611256518387,131.00381673829202,134.0,0.462700483793659,0.1533541982286446,1.5,81.35301905412436,0,0,4,NUISANCE_SENSITIVE,MEDIUM,nuisance-sensitive parent class or nuisance boundary; parent_stage8=BARYONIC-ONLY-IMPROVEMENT-NFW-DOMINANT,NUISANCE_SENSITIVE,STABLE,0,1,1,1,0,1,0,1,1
UGC00191,BARYONIC-ONLY-IMPROVEMENT-NFW-DOMINANT,9,-1734.9266558517184,19.0981685959606,-149.00458578398118,-1734.9266558517184,19.0981685959606,-149.00458578398118,0,0,0,0.1585915161332078,0.656959608850614,81.0,83.85,0.0332466270052825,0.3506495960981557,1.75,27.165909257230872,0,0,6,HALO_DOMINANT_LIKE,MEDIUM,NFW-like comparator substantially outperforms representative RRF; parent_stage8=BARYONIC-ONLY-IMPROVEMENT-NFW-DOMINANT,HALO_DOMINANT_LIKE,STABLE,0,0,1,1,0,1,0,1,1
UGC00731,BARYONIC-ONLY-IMPROVEMENT-NFW-DOMINANT,12,-1680.8182363448009,18.39455951457331,-121.25875604817716,-1680.8182363448009,18.39455951457331,-121.25875604817716,1,0,1,0.1546353997136491,0.6421536824815793,73.9,74.0,0.6613776176831884,0.2641669886343868,1.5,20.89323350019213,0,0,8,NUISANCE_SENSITIVE,MEDIUM,nuisance-sensitive parent class or nuisance boundary; parent_stage8=BARYONIC-ONLY-IMPROVEMENT-NFW-DOMINANT,NUISANCE_SENSITIVE,STABLE,0,1,1,1,0,1,0,1,1
UGC01230,ROBUST-DIAGNOSTIC-CANDIDATE,11,-74.31429634005825,-6.22844458797978,-35.1918948870997,-74.31429634005825,-6.22844458797978,-35.1918948870997,0,0,0,0.0908741064317821,0.7770344898467322,103.0,113.0,0.1742072675174039,0.2875201904043736,4.75,0.5775827207679454,1,1,37,MIXED_COMPETITIVE,MEDIUM,continuum-family fit is competitive but comparator dominance is not clean; parent_stage8=ROBUST-DIAGNOSTIC-CANDIDATE,UNRESOLVED_OR_WEAK,WEAK-MISMATCH,0,0,1,1,1,0,0,0,1
UGC01281,ROBUST-DIAGNOSTIC-CANDIDATE,25,-229.6170833012789,-19.93215017414173,0.5866681482070426,-229.6170833012789,-19.93215017414173,0.5866681482070426,0,0,0,0.5159049106838448,0.8828456781018429,55.0,56.9,0.2009839066672678,0.2318520661157025,2.0,3.535069670072014,0,1,15,MIXED_COMPETITIVE,MEDIUM,continuum-family fit is competitive but comparator dominance is not clean; parent_stage8=ROBUST-DIAGNOSTIC-CANDIDATE,MIXED_COMPETITIVE,STABLE,0,0,1,0,1,0,0,1,1
UGC02259,NUISANCE-SENSITIVE-DIAGNOSTIC-SIGNAL,8,-1361.2116521006103,4.407063019911661,-31.179490376305807,-1361.2116521006103,4.407063019911661,-31.179490376305807,1,0,1,0.1376286497442316,0.8561628889058479,88.3,90.0,0.2031394959774515,0.2583479438596672,1.5,8.635280970762135,0,1,14,NUISANCE_SENSITIVE,MEDIUM,nuisance-sensitive parent class or nuisance boundary; parent_stage8=NUISANCE-SENSITIVE-DIAGNOSTIC-SIGNAL,NUISANCE_SENSITIVE,STABLE,0,1,1,1,1,0,0,1,1
UGC02455,CORE-PATHOLOGY-ARCHIVE,8,-43.2926497374833,-4.185768933853074,-14.855328782708884,-43.2926497374833,-4.185768933853074,-14.855328782708884,1,1,0,6.450918471613389,354.6589776046778,53.1,61.0,0.0515977569898849,1.9758684357056469,12.0,1.305758460983725,1,1,41,PATHOLOGY_ARCHIVE,HIGH,core/pathology flag or extreme scale/amplitude; parent_stage8=CORE-PATHOLOGY-ARCHIVE,PATHOLOGY_ARCHIVE,STABLE,1,0,1,1,1,0,0,0,0
UGC02487,WEAK-OR-REGIME-DEPENDENT-SIGNAL,17,-2690.748479357804,-10.198308144495073,-70.57286158820355,-2690.748479357804,-10.198308144495073,-70.57286158820355,0,0,0,0.2679854852456885,0.5849776918947217,330.0,383.0,0.0215172481039733,0.3122713994490358,5.25,1.3204994706823925,1,1,35,MIXED_COMPETITIVE,MEDIUM,continuum-family fit is competitive but comparator dominance is not clean; parent_stage8=WEAK-OR-REGIME-DEPENDENT-SIGNAL,UNRESOLVED_OR_WEAK,WEAK-MISMATCH,0,0,1,1,1,0,0,0,1
UGC02885,WEAK-OR-REGIME-DEPENDENT-SIGNAL,19,-392.3659187384252,8.030372727193246,11.668138604277416,-392.3659187384252,8.030372727193246,11.668138604277416,0,0,0,0.4548293367179898,0.6659845955984076,298.0,305.0,0.0688298654437147,0.4113308781135986,0.5,52.893537739214025,0,0,2,RAR_ACCELERATION_LIKE,MEDIUM,RAR-like comparator substantially outperforms representative RRF; parent_stage8=WEAK-OR-REGIME-DEPENDENT-SIGNAL,RAR_ACCELERATION_LIKE,STABLE,0,0,1,0,1,0,1,0,1
UGC02916,NUISANCE-SENSITIVE-DIAGNOSTIC-SIGNAL,43,-483.8821879725808,-308.6909018122902,-377.5187377417461,-483.8821879725808,-308.6909018122902,-377.5187377417461,1,0,1,0.0042443748490972,1.0078577013510563,210.0,218.0,0.0098428559949136,0.713778387755102,9.25,297.59443047020875,0,0,11,NUISANCE_SENSITIVE,MEDIUM,nuisance-sensitive parent class or nuisance boundary; parent_stage8=NUISANCE-SENSITIVE-DIAGNOSTIC-SIGNAL,NUISANCE_SENSITIVE,STABLE,0,1,1,1,1,0,0,0,0
UGC02953,ROBUST-DIAGNOSTIC-CANDIDATE,115,-43537.37246100804,-307.2845958590285,-396.5906528329317,-43537.37246100804,-307.2845958590285,-396.5906528329317,0,0,0,0.0714621835113319,0.8231470149663712,264.0,319.0,0.0,0.4124512195821854,2.5,29.92421134992668,0,0,3,UNRESOLVED_OR_WEAK,LOW,"weak, unresolved, or outside provisional rules; parent_stage8=ROBUST-DIAGNOSTIC-CANDIDATE",SN_RRF_FAMILY_LIKE,CAUTION-RECLASSIFY,0,0,1,1,1,0,0,1,1
UGC03205,ROBUST-DIAGNOSTIC-CANDIDATE,48,-2761.443606423026,-59.45246989683842,-146.5108603137731,-2761.443606423026,-59.45246989683842,-146.5108603137731,0,0,0,0.0562874002236838,0.7541552971674648,219.0022830931221,237.0,0.0001483734526184,0.5593770557941704,1.5,10.10281802099496,0,0,10,UNRESOLVED_OR_WEAK,LOW,"weak, unresolved, or outside provisional rules; parent_stage8=ROBUST-DIAGNOSTIC-CANDIDATE",SN_RRF_FAMILY_LIKE,CAUTION-RECLASSIFY,0,0,1,1,1,0,0,1,1
UGC03546,ROBUST-DIAGNOSTIC-CANDIDATE,30,-851.3227509331678,-9.70008626286771,-12.205374421378473,-851.3227509331678,-9.70008626286771,-12.205374421378473,0,0,0,0.28094877331902,0.610559779158646,193.5006459937537,262.0,5.266504170286921e-05,0.6712652293516725,4.5,2.3211046200667127,0,1,28,SN_RRF_FAMILY_LIKE,MEDIUM-HIGH,RRF improves over baryonic/RAR and is competitive with NFW; continuum best-n in central family range; parent_stage8=ROBUST-DIAGNOSTIC-CANDIDATE,UNRESOLVED_OR_WEAK,WEAK-MISMATCH,0,0,1,1,1,0,0,0,1
UGC03580,WEAK-OR-REGIME-DEPENDENT-SIGNAL,47,-9818.116936020662,79.4470875091225,60.34560170708818,-9818.116936020662,79.4470875091225,60.34560170708818,0,0,0,0.3222569995544311,0.8564790593136979,120.01666550941998,131.0,0.006585651508296,0.3770999514023882,3.0,4.301339040463972,0,1,4,HALO_DOMINANT_LIKE,MEDIUM,NFW-like comparator substantially outperforms representative RRF; parent_stage8=WEAK-OR-REGIME-DEPENDENT-SIGNAL,HALO_DOMINANT_LIKE,STABLE,0,0,1,0,0,1,1,1,1
UGC04278,WEAK-OR-REGIME-DEPENDENT-SIGNAL,25,-316.4932185050188,-16.17473195586521,-49.19619662224735,-316.4932185050188,-16.17473195586521,-49.19619662224735,0,0,0,0.8011807562144369,1.1443264146439338,86.3,92.8,0.0,0.2682147753195957,1.5,24.36716583676987,0,0,5,UNRESOLVED_OR_WEAK,LOW,"weak, unresolved, or outside provisional rules; parent_stage8=WEAK-OR-REGIME-DEPENDENT-SIGNAL",SN_RRF_FAMILY_LIKE,CAUTION-RECLASSIFY,0,0,1,1,1,0,0,1,1
UGC04305,WEAK-OR-REGIME-DEPENDENT-SIGNAL,22,3.920420772213653,-0.0795819705978431,-705.7111176589733,3.920420772213653,-0.0795819705978431,-705.7111176589733,0,0,0,0.120020682508059,0.0716810187553453,34.8508966886076,37.3,0.1917661798507816,1.2761931853266757,7.0,1.0157823630253802,1,1,40,UNRESOLVED_OR_WEAK,LOW,"weak, unresolved, or outside provisional rules; parent_stage8=WEAK-OR-REGIME-DEPENDENT-SIGNAL",UNRESOLVED_OR_WEAK,STABLE,0,0,0,1,1,0,0,0,1
UGC04325,ROBUST-DIAGNOSTIC-CANDIDATE,8,-310.3763932257831,-8.782030189551147,-41.81740981690343,-310.3763932257831,-8.782030189551147,-41.81740981690343,0,0,0,0.1840679473598248,0.6198072133396497,91.6,92.7,0.1723621879624622,0.3678812856352852,2.75,1.0234147531785052,1,1,15,SN_RRF_FAMILY_LIKE,MEDIUM-HIGH,RRF improves over baryonic/RAR and is competitive with NFW; continuum best-n in central family range; parent_stage8=ROBUST-DIAGNOSTIC-CANDIDATE,SN_RRF_FAMILY_LIKE,STABLE,0,0,1,1,1,0,0,1,1
UGC04483,ROBUST-DIAGNOSTIC-CANDIDATE,8,-85.27550372647562,-2.1066193061649656,-33.11935973396746,-85.27550372647562,-2.1066193061649656,-33.11935973396746,0,0,0,0.3850597239640059,0.6618382233646345,24.2,24.3,0.5293546153731834,0.3474602144662249,2.5,0.2214416199980267,1,1,40,SN_RRF_FAMILY_LIKE,MEDIUM-HIGH,RRF improves over baryonic/RAR and is competitive with NFW; continuum best-n in central family range; parent_stage8=ROBUST-DIAGNOSTIC-CANDIDATE,SN_RRF_FAMILY_LIKE,STABLE,0,0,1,1,1,0,0,1,1
UGC04499,ROBUST-DIAGNOSTIC-CANDIDATE,9,-163.45244456775183,-1.9731070715604648,-17.646371316250907,-163.45244456775183,-1.9731070715604648,-17.646371316250907,0,0,0,0.3064528249792871,0.6791445682822571,73.3,74.3,0.3223854713490127,0.3914409749687785,2.25,2.2412663025384614,0,1,19,SN_RRF_FAMILY_LIKE,MEDIUM-HIGH,RRF improves over baryonic/RAR and is competitive with NFW; continuum best-n in central family range; parent_stage8=ROBUST-DIAGNOSTIC-CANDIDATE,SN_RRF_FAMILY_LIKE,STABLE,0,0,1,1,1,0,0,1,1
UGC05005,ROBUST-DIAGNOSTIC-CANDIDATE,11,-71.63680553407883,-1.5651471802904968,-1.2740789477698673,-71.63680553407883,-1.5651471802904968,-1.2740789477698673,0,0,0,0.3566689707529199,0.814146711204287,99.4,100.0,0.1758389028199194,0.2278496127671461,2.0,0.8249803372515068,1,1,38,MIXED_COMPETITIVE,MEDIUM,continuum-family fit is competitive but comparator dominance is not clean; parent_stage8=ROBUST-DIAGNOSTIC-CANDIDATE,MIXED_COMPETITIVE,STABLE,0,0,1,0,1,0,0,1,1
UGC05253,ROBUST-DIAGNOSTIC-CANDIDATE,73,-3621.999557615877,-59.11877307662412,-230.22369891552893,-3621.999557615877,-59.11877307662412,-230.22369891552893,0,0,0,0.2210628874360587,0.5638834382627794,244.0,248.0,0.0012150963030845,0.5755946822090834,2.0,131.57298328085685,0,0,2,UNRESOLVED_OR_WEAK,LOW,"weak, unresolved, or outside provisional rules; parent_stage8=ROBUST-DIAGNOSTIC-CANDIDATE",SN_RRF_FAMILY_LIKE,CAUTION-RECLASSIFY,0,0,1,1,1,0,0,1,1
UGC05716,BARYONIC-ONLY-IMPROVEMENT-NFW-DOMINANT,12,-14640.146779270184,33.6170619781969,-322.16218451465176,-14640.146779270184,33.6170619781969,-322.16218451465176,1,0,1,0.3284737213881026,0.762686372163753,73.0,74.7,0.5582940073721909,0.2012508350534809,1.5,48.17572643268608,0,0,6,NUISANCE_SENSITIVE,MEDIUM,nuisance-sensitive parent class or nuisance boundary; parent_stage8=BARYONIC-ONLY-IMPROVEMENT-NFW-DOMINANT,NUISANCE_SENSITIVE,STABLE,0,1,1,1,0,1,0,1,1
UGC05721,ROBUST-DIAGNOSTIC-CANDIDATE,23,-879.5362869995663,-12.256384829102544,-49.52853421853203,-879.5362869995663,-12.256384829102544,-49.52853421853203,0,0,0,0.180535928341847,0.8558687709417734,78.4501434033106,82.6,0.251008184583506,0.1633083269354976,2.25,3.175916409614484,0,1,15,SN_RRF_FAMILY_LIKE,MEDIUM-HIGH,RRF improves over baryonic/RAR and is competitive with NFW; continuum best-n in central family range; parent_stage8=ROBUST-DIAGNOSTIC-CANDIDATE,SN_RRF_FAMILY_LIKE,STABLE,0,0,1,1,1,0,0,1,1
UGC05750,ROBUST-DIAGNOSTIC-CANDIDATE,11,-17.869369454226536,-5.190363675903242,-6.280489638381082,-17.869369454226536,-5.190363675903242,-6.280489638381082,0,0,0,0.2287756666337537,0.7228335007477767,77.6,78.9,0.1792511779575575,0.3468188204113083,2.75,0.1389215726000259,1,1,37,MIXED_COMPETITIVE,MEDIUM,continuum-family fit is competitive but comparator dominance is not clean; parent_stage8=ROBUST-DIAGNOSTIC-CANDIDATE,MIXED_COMPETITIVE,STABLE,0,0,1,0,1,0,0,1,1
UGC05764,NUISANCE-SENSITIVE-DIAGNOSTIC-SIGNAL,10,-16004.99834303846,-16.948960254049098,-437.2637519004608,-16004.99834303846,-16.948960254049098,-437.2637519004608,1,0,1,0.2552451652903577,0.9388999067554332,50.0,55.8,0.693184130007422,0.2141353999999999,2.25,6.4527116054055575,0,1,10,NUISANCE_SENSITIVE,MEDIUM,nuisance-sensitive parent class or nuisance boundary; parent_stage8=NUISANCE-SENSITIVE-DIAGNOSTIC-SIGNAL,NUISANCE_SENSITIVE,STABLE,0,1,1,1,1,0,0,1,1
UGC05829,NUISANCE-SENSITIVE-DIAGNOSTIC-SIGNAL,11,-90.16858634821816,4.266322150528563,-17.62947913686187,-90.16858634821816,4.266322150528563,-17.62947913686187,1,0,1,0.4630453637223821,0.5275465596957494,65.6,68.6,0.3969357625823655,0.3607083999479477,1.25,5.881256882883455,0,1,17,NUISANCE_SENSITIVE,MEDIUM,nuisance-sensitive parent class or nuisance boundary; parent_stage8=NUISANCE-SENSITIVE-DIAGNOSTIC-SIGNAL,NUISANCE_SENSITIVE,STABLE,0,1,1,1,1,0,0,1,1
UGC05918,NUISANCE-SENSITIVE-DIAGNOSTIC-SIGNAL,8,-82.92390307025063,0.559005758487265,-2.960520284676573,-82.92390307025063,0.559005758487265,-2.960520284676573,1,0,1,0.2344188649348866,0.5343026953925514,42.6,44.5,0.2851119649642405,0.2728032907932729,1.75,1.4797039869175332,1,1,41,NUISANCE_SENSITIVE,MEDIUM,nuisance-sensitive parent class or nuisance boundary; parent_stage8=NUISANCE-SENSITIVE-DIAGNOSTIC-SIGNAL,NUISANCE_SENSITIVE,STABLE,0,1,1,0,1,0,0,1,1
UGC05986,ROBUST-DIAGNOSTIC-CANDIDATE,15,-627.5112775828719,-57.65425794159695,-71.75087982886724,-627.5112775828719,-57.65425794159695,-71.75087982886724,0,0,0,0.3433739315604619,0.7958722481526723,110.51018052650171,116.0,0.1037790247211096,0.2709372118730809,2.5,6.732256335290602,0,1,7,SN_RRF_FAMILY_LIKE,MEDIUM-HIGH,RRF improves over baryonic/RAR and is competitive with NFW; continuum best-n in central family range; parent_stage8=ROBUST-DIAGNOSTIC-CANDIDATE,SN_RRF_FAMILY_LIKE,STABLE,0,0,1,1,1,0,0,1,1
UGC06399,ROBUST-DIAGNOSTIC-CANDIDATE,9,-82.82683293280002,-2.6464074598842764,2.092076589953402,-82.82683293280002,-2.6464074598842764,2.092076589953402,0,0,0,0.500131445787263,0.6010405296028228,85.6,87.6,0.1233202339522139,0.3340797367674034,2.25,1.9924560909515885,1,1,21,MIXED_COMPETITIVE,MEDIUM,continuum-family fit is competitive but comparator dominance is not clean; parent_stage8=ROBUST-DIAGNOSTIC-CANDIDATE,MIXED_COMPETITIVE,STABLE,0,0,1,0,1,0,0,1,1
UGC06446,NUISANCE-SENSITIVE-DIAGNOSTIC-SIGNAL,17,-658.1697852374643,6.5200736949945775,-0.7544923346963479,-658.1697852374643,6.5200736949945775,-0.7544923346963479,1,0,1,0.2441147851955216,0.6332240763138611,83.2,84.9,0.3762498073894136,0.2275787172938239,1.5,9.764022153917416,0,1,12,NUISANCE_SENSITIVE,MEDIUM,nuisance-sensitive parent class or nuisance boundary; parent_stage8=NUISANCE-SENSITIVE-DIAGNOSTIC-SIGNAL,NUISANCE_SENSITIVE,STABLE,0,1,1,0,1,0,0,1,1
UGC06614,ROBUST-DIAGNOSTIC-CANDIDATE,13,-122.0049635777486,0.4199695612133887,-2.254566035599842,-122.0049635777486,0.4199695612133887,-2.254566035599842,0,0,0,0.3731204778565899,0.8065581673664792,203.00246303924493,205.0,0.0,0.3854119619024508,2.75,0.3928877428686919,1,1,35,MIXED_COMPETITIVE,MEDIUM,continuum-family fit is competitive but comparator dominance is not clean; parent_stage8=ROBUST-DIAGNOSTIC-CANDIDATE,MIXED_COMPETITIVE,STABLE,0,0,1,0,1,0,0,1,1
UGC06667,NUISANCE-SENSITIVE-DIAGNOSTIC-SIGNAL,9,-1310.1361936287883,-0.9663932012934318,-22.45628542688947,-1310.1361936287883,-0.9663932012934318,-22.45628542688947,1,0,1,0.2856769324566942,0.7602366500634608,85.0,85.7,0.4956522561010189,0.1622567335640138,2.0,8.120467281512166,0,1,11,NUISANCE_SENSITIVE,MEDIUM,nuisance-sensitive parent class or nuisance boundary; parent_stage8=NUISANCE-SENSITIVE-DIAGNOSTIC-SIGNAL,NUISANCE_SENSITIVE,STABLE,0,1,1,1,1,0,0,1,1
UGC06786,BARYONIC-ONLY-IMPROVEMENT-NFW-DOMINANT,45,-10500.15884119346,10.205200700960669,-535.084049736668,-10500.15884119346,10.205200700960669,-535.084049736668,1,0,1,0.1090890264302983,0.9146739267092616,226.0,229.0,0.0033743636140993,0.3260387246456261,1.25,194.2213100700743,0,0,2,NUISANCE_SENSITIVE,MEDIUM,nuisance-sensitive parent class or nuisance boundary; parent_stage8=BARYONIC-ONLY-IMPROVEMENT-NFW-DOMINANT,NUISANCE_SENSITIVE,STABLE,0,1,1,1,0,1,0,1,1
UGC06787,WEAK-OR-REGIME-DEPENDENT-SIGNAL,71,-17043.58931239726,226.57908683256187,-235.43148766298168,-17043.58931239726,226.57908683256187,-235.43148766298168,1,0,1,0.1151497175581048,0.8156569490758488,246.5005070988699,276.0,0.0019108667577432,0.327921644929027,2.25,24.9032838228095,0,0,4,NUISANCE_SENSITIVE,MEDIUM,nuisance-sensitive parent class or nuisance boundary; parent_stage8=WEAK-OR-REGIME-DEPENDENT-SIGNAL,NUISANCE_SENSITIVE,STABLE,0,1,1,1,0,1,0,1,1
UGC06818,ROBUST-DIAGNOSTIC-CANDIDATE,8,-73.04525816607098,-6.575694363442739,-11.186328735929123,-73.04525816607098,-6.575694363442739,-11.186328735929123,0,0,0,0.6799239098821815,1.2152157172832838,71.2,74.4,0.0802031060064331,0.3452807805201363,5.75,2.041518071058132,0,1,36,MIXED_COMPETITIVE,MEDIUM,continuum-family fit is competitive but comparator dominance is not clean; parent_stage8=ROBUST-DIAGNOSTIC-CANDIDATE,UNRESOLVED_OR_WEAK,WEAK-MISMATCH,0,0,1,1,1,0,0,0,1
UGC06917,ROBUST-DIAGNOSTIC-CANDIDATE,11,-87.44241796571583,-3.430081195937669,-4.294533041843195,-87.44241796571583,-3.430081195937669,-4.294533041843195,0,0,0,0.334071427638817,0.5847378632107327,110.0,111.0,0.095637589728028,0.3929983471074379,2.25,2.576023409947763,0,1,16,MIXED_COMPETITIVE,MEDIUM,continuum-family fit is competitive but comparator dominance is not clean; parent_stage8=ROBUST-DIAGNOSTIC-CANDIDATE,MIXED_COMPETITIVE,STABLE,0,0,1,0,1,0,0,1,1
UGC06930,ROBUST-DIAGNOSTIC-CANDIDATE,10,-29.44938414440624,-0.9404711631971504,-12.62844532165084,-29.44938414440624,-0.9404711631971504,-12.62844532165084,0,0,0,0.1553195714504805,0.753102994308296,108.0,109.0,0.1871280919864963,0.3932738768861455,2.25,0.5649566526787204,1,1,41,SN_RRF_FAMILY_LIKE,MEDIUM-HIGH,RRF improves over baryonic/RAR and is competitive with NFW; continuum best-n in central family range; parent_stage8=ROBUST-DIAGNOSTIC-CANDIDATE,SN_RRF_FAMILY_LIKE,STABLE,0,0,1,1,1,0,0,1,1
UGC06973,CORE-PATHOLOGY-ARCHIVE,9,-457.2822620636786,3.800836258969186,-96.9344614522685,-457.2822620636786,3.800836258969186,-96.9344614522685,1,0,1,0.4013152422413812,0.7326323167837412,178.0,180.0,0.0170999288961383,1.0869536359045575,12.0,26.01745715595064,0,0,23,PATHOLOGY_ARCHIVE,HIGH,core/pathology flag or extreme scale/amplitude; parent_stage8=CORE-PATHOLOGY-ARCHIVE,PATHOLOGY_ARCHIVE,STABLE,1,1,1,1,1,0,0,0,1
UGC06983,NUISANCE-SENSITIVE-DIAGNOSTIC-SIGNAL,17,-337.2630328403972,-3.494502687533606,-9.61136555823373,-337.2630328403972,-3.494502687533606,-9.61136555823373,1,0,1,0.1361053060602256,0.8960652934593895,108.0,113.0,0.2357561581700059,0.3051034722222222,2.5,0.678945282290222,1,1,35,NUISANCE_SENSITIVE,MEDIUM,nuisance-sensitive parent class or nuisance boundary; parent_stage8=NUISANCE-SENSITIVE-DIAGNOSTIC-SIGNAL,NUISANCE_SENSITIVE,STABLE,0,1,1,0,1,0,0,1,1
UGC07089,ROBUST-DIAGNOSTIC-CANDIDATE,12,-24.572465335701207,-0.8539545153047783,3.4290941074285755,-24.572465335701207,-0.8539545153047783,3.4290941074285755,0,0,0,0.8160624109786319,0.8469794083617365,77.6,79.1,0.1332505721817238,0.4705017137846743,1.5,4.561683892552342,0,1,18,MIXED_COMPETITIVE,MEDIUM,continuum-family fit is competitive but comparator dominance is not clean; parent_stage8=ROBUST-DIAGNOSTIC-CANDIDATE,MIXED_COMPETITIVE,STABLE,0,0,1,0,1,0,0,1,1
UGC07125,ROBUST-DIAGNOSTIC-CANDIDATE,13,-113.82023442571584,-6.462071012032698,-786.7842958855126,-113.82023442571584,-6.462071012032698,-786.7842958855126,0,0,0,0.2903660793291374,0.5223022782367821,65.25017241356531,65.6,0.3378378378378379,0.5372531493792843,2.25,1.5649051755046033,1,1,22,SN_RRF_FAMILY_LIKE,MEDIUM-HIGH,RRF improves over baryonic/RAR and is competitive with NFW; continuum best-n in central family range; parent_stage8=ROBUST-DIAGNOSTIC-CANDIDATE,SN_RRF_FAMILY_LIKE,STABLE,0,0,1,1,1,0,0,1,1
UGC07151,ROBUST-DIAGNOSTIC-CANDIDATE,11,-35.3553668592738,-12.015611485938976,-26.71204162592254,-35.3553668592738,-12.015611485938976,-26.71204162592254,0,0,0,0.2395705460004976,0.533234364088133,74.0,76.2,0.1388457210105054,0.5449385865595324,2.75,0.747545300708115,1,1,23,SN_RRF_FAMILY_LIKE,MEDIUM-HIGH,RRF improves over baryonic/RAR and is competitive with NFW; continuum best-n in central family range; parent_stage8=ROBUST-DIAGNOSTIC-CANDIDATE,SN_RRF_FAMILY_LIKE,STABLE,0,0,1,1,1,0,0,1,1
UGC07323,ROBUST-DIAGNOSTIC-CANDIDATE,10,-14.191938550346354,-2.264071224208504,2.382238574405215,-14.191938550346354,-2.264071224208504,2.382238574405215,0,0,0,0.771145939083473,0.6276773727215244,82.8,85.6,0.0459077926066851,0.6607498570561741,1.5,4.793005232004759,0,1,16,MIXED_COMPETITIVE,MEDIUM,continuum-family fit is competitive but comparator dominance is not clean; parent_stage8=ROBUST-DIAGNOSTIC-CANDIDATE,MIXED_COMPETITIVE,STABLE,0,0,1,0,1,0,0,1,1
UGC07399,WEAK-OR-REGIME-DEPENDENT-SIGNAL,10,-1297.7694370039244,0.9256765697956428,-41.89801969873504,-1297.7694370039244,0.9256765697956428,-41.89801969873504,1,0,1,0.291353286061929,0.6707760531594743,103.0,106.0,0.2621766922791814,0.1524088038457913,1.75,18.76652881520511,0,0,7,NUISANCE_SENSITIVE,MEDIUM,nuisance-sensitive parent class or nuisance boundary; parent_stage8=WEAK-OR-REGIME-DEPENDENT-SIGNAL,NUISANCE_SENSITIVE,STABLE,0,1,1,1,1,0,0,1,1
UGC07524,WEAK-OR-REGIME-DEPENDENT-SIGNAL,31,-607.5972527197811,-10.798934303496576,-95.51540960653432,-607.5972527197811,-10.798934303496576,-95.51540960653432,0,0,0,0.3135420143107699,0.4987109485013919,79.9507661001444,83.8,0.254429464385582,0.3926402956763204,1.75,19.51271460538624,0,0,6,UNRESOLVED_OR_WEAK,LOW,"weak, unresolved, or outside provisional rules; parent_stage8=WEAK-OR-REGIME-DEPENDENT-SIGNAL",SN_RRF_FAMILY_LIKE,CAUTION-RECLASSIFY,0,0,1,1,1,0,0,1,1
UGC07577,CORE-PATHOLOGY-ARCHIVE,9,2.4534442498623923,0.0850285967850705,-49.83262136162945,2.4534442498623923,0.0850285967850705,-49.83262136162945,1,1,0,15.686399215167883,3955.5099046640366,15.9,17.8,0.1989044879820171,0.927193149005182,4.25,0.0472729295575087,1,1,41,PATHOLOGY_ARCHIVE,HIGH,core/pathology flag or extreme scale/amplitude; parent_stage8=CORE-PATHOLOGY-ARCHIVE,PATHOLOGY_ARCHIVE,STABLE,1,0,0,1,1,0,0,0,0
UGC07603,ROBUST-DIAGNOSTIC-CANDIDATE,12,-473.43579155388215,-13.190582151867591,-28.8450603715502,-473.43579155388215,-13.190582151867591,-28.8450603715502,0,0,0,0.3473577448057511,0.8261887747208981,63.0,64.0,0.2690041200877587,0.1943062988158226,2.5,1.955611579583364,1,1,17,SN_RRF_FAMILY_LIKE,MEDIUM-HIGH,RRF improves over baryonic/RAR and is competitive with NFW; continuum best-n in central family range; parent_stage8=ROBUST-DIAGNOSTIC-CANDIDATE,SN_RRF_FAMILY_LIKE,STABLE,0,0,1,1,1,0,0,1,1
UGC07608,ROBUST-DIAGNOSTIC-CANDIDATE,8,-116.46484289750109,-1.619538932660863,1.2906892517811466,-116.46484289750109,-1.619538932660863,1.2906892517811466,0,0,0,0.4398733892228451,0.823054399049418,66.0,69.3,0.4120872740514944,0.1654315197428834,2.25,0.7488889349483312,1,1,39,MIXED_COMPETITIVE,MEDIUM,continuum-family fit is competitive but comparator dominance is not clean; parent_stage8=ROBUST-DIAGNOSTIC-CANDIDATE,MIXED_COMPETITIVE,STABLE,0,0,1,0,1,0,0,1,1
UGC08286,NUISANCE-SENSITIVE-DIAGNOSTIC-SIGNAL,17,-2528.8033247764133,-9.853810163075751,-20.08427041301401,-2528.8033247764133,-9.853810163075751,-20.08427041301401,1,0,1,0.1535164244385278,0.8784068199465662,83.5,84.3,0.1844248372604478,0.2105602065330416,2.25,12.889015183901527,0,0,6,NUISANCE_SENSITIVE,MEDIUM,nuisance-sensitive parent class or nuisance boundary; parent_stage8=NUISANCE-SENSITIVE-DIAGNOSTIC-SIGNAL,NUISANCE_SENSITIVE,STABLE,0,1,1,1,1,0,0,1,1
UGC08490,WEAK-OR-REGIME-DEPENDENT-SIGNAL,30,-1843.5320411239727,2.544795383241752,2.629869962829005,-1843.5320411239727,2.544795383241752,2.629869962829005,0,0,0,0.2523586956216306,0.7743851096862977,77.75014469439913,80.1,0.3698138427351224,0.1714426678863903,1.5,14.329126140805233,0,0,8,UNRESOLVED_OR_WEAK,LOW,"weak, unresolved, or outside provisional rules; parent_stage8=WEAK-OR-REGIME-DEPENDENT-SIGNAL",MIXED_COMPETITIVE,WEAK-MISMATCH,0,0,1,0,1,0,0,1,1
UGC08550,NUISANCE-SENSITIVE-DIAGNOSTIC-SIGNAL,11,-886.6151613548234,-1.8866933804335435,-8.073950741358253,-886.6151613548234,-1.8866933804335435,-8.073950741358253,1,0,1,0.4754779836786927,0.7869391832887055,57.5,57.8,0.2321282205554838,0.2179274102079395,1.5,12.411122657117437,0,0,10,NUISANCE_SENSITIVE,MEDIUM,nuisance-sensitive parent class or nuisance boundary; parent_stage8=NUISANCE-SENSITIVE-DIAGNOSTIC-SIGNAL,NUISANCE_SENSITIVE,STABLE,0,1,1,0,1,0,0,1,1
UGC08699,BARYONIC-ONLY-IMPROVEMENT-NFW-DOMINANT,41,-545.5594299604716,30.238675009824885,23.639526499154293,-545.5594299604716,30.238675009824885,23.639526499154293,0,0,0,0.3201496287129105,0.5618551305245786,182.0,202.0,0.0166714132798353,0.5148080304311073,1.0,71.86931416660545,0,0,3,HALO_DOMINANT_LIKE,MEDIUM,NFW-like comparator substantially outperforms representative RRF; parent_stage8=BARYONIC-ONLY-IMPROVEMENT-NFW-DOMINANT,HALO_DOMINANT_LIKE,STABLE,0,0,1,0,0,1,1,1,1
UGC08837,ROBUST-DIAGNOSTIC-CANDIDATE,8,-32.3687575398337,-19.55743624967269,-52.94368216340548,-32.3687575398337,-19.55743624967269,-52.94368216340548,0,0,0,0.8742632018176828,1.107229068460373,46.6,48.0,0.2465833619672545,0.5195778610768297,2.75,0.3375274476570009,1,1,34,SN_RRF_FAMILY_LIKE,MEDIUM-HIGH,RRF improves over baryonic/RAR and is competitive with NFW; continuum best-n in central family range; parent_stage8=ROBUST-DIAGNOSTIC-CANDIDATE,SN_RRF_FAMILY_LIKE,STABLE,0,0,1,1,1,0,0,1,1
UGC09037,ROBUST-DIAGNOSTIC-CANDIDATE,22,-488.6692821811643,1.2638404059653432,-8.591046697073402,-488.6692821811643,1.2638404059653432,-8.591046697073402,0,0,0,0.1949587950478067,0.7387297769096364,153.00326793895613,160.0,0.1505548505957789,0.6697970183682188,4.25,2.414126486033595,0,1,21,MIXED_COMPETITIVE,MEDIUM,continuum-family fit is competitive but comparator dominance is not clean; parent_stage8=ROBUST-DIAGNOSTIC-CANDIDATE,MIXED_COMPETITIVE,STABLE,0,0,1,0,1,0,0,0,1
UGC09133,ROBUST-DIAGNOSTIC-CANDIDATE,68,-26258.178864927584,-87.87276021633716,-1674.2335343880404,-26258.178864927584,-87.87276021633716,-1674.2335343880404,0,0,0,0.0623068613619077,0.786587774810401,228.0,289.0,0.0093244541804845,0.365938415666359,3.5,0.906251631605187,1,1,6,SN_RRF_FAMILY_LIKE,MEDIUM-HIGH,RRF improves over baryonic/RAR and is competitive with NFW; continuum best-n in central family range; parent_stage8=ROBUST-DIAGNOSTIC-CANDIDATE,SN_RRF_FAMILY_LIKE,STABLE,0,0,1,1,1,0,0,1,1
UGC11455,ROBUST-DIAGNOSTIC-CANDIDATE,36,-857.9854028204718,-74.9569521270415,-64.89661683613424,-857.9854028204718,-74.9569521270415,-64.89661683613424,0,0,0,0.165639968436716,0.7055079565871091,272.0,291.0,0.0049736489617406,0.8126198759191177,2.5,8.02073797761527,0,1,7,SN_RRF_FAMILY_LIKE,MEDIUM-HIGH,RRF improves over baryonic/RAR and is competitive with NFW; continuum best-n in central family range; parent_stage8=ROBUST-DIAGNOSTIC-CANDIDATE,SN_RRF_FAMILY_LIKE,STABLE,0,0,1,1,1,0,0,1,1
UGC11557,ROBUST-DIAGNOSTIC-CANDIDATE,12,-14.157521263908311,-8.48866187910269,-7.927493563339386,-14.157521263908311,-8.48866187910269,-7.927493563339386,0,0,0,0.3135081201278987,0.8169710538255515,81.6,85.0,0.0151615207927254,1.3301757286860825,12.0,0.9964993736374126,1,1,38,UNRESOLVED_OR_WEAK,LOW,"weak, unresolved, or outside provisional rules; parent_stage8=ROBUST-DIAGNOSTIC-CANDIDATE",PATHOLOGY_ARCHIVE,CAUTION-RECLASSIFY,1,0,1,0,1,0,0,0,1
UGC11820,BARYONIC-ONLY-IMPROVEMENT-NFW-DOMINANT,10,-7377.647878616568,34.36733207006609,-824.761025290154,-7377.647878616568,34.36733207006609,-824.761025290154,1,0,1,0.42844569741116,0.7479051598313652,81.25,84.45,0.1542337505775448,0.244646233372781,1.0,51.93788166356151,0,0,3,NUISANCE_SENSITIVE,MEDIUM,nuisance-sensitive parent class or nuisance boundary; parent_stage8=BARYONIC-ONLY-IMPROVEMENT-NFW-DOMINANT,NUISANCE_SENSITIVE,STABLE,0,1,1,1,0,1,0,1,1
UGC11914,CORE-PATHOLOGY-ARCHIVE,65,-518.5649566278091,-34.180643002243656,-175.70970028982927,-518.5649566278091,-34.180643002243656,-175.70970028982927,1,1,0,2.6104513273125383,12.398333663955134,284.0,305.0,0.0002200119684126,1.1001905599087485,0.5,130.96321711416098,0,0,1,PATHOLOGY_ARCHIVE,HIGH,core/pathology flag or extreme scale/amplitude; parent_stage8=CORE-PATHOLOGY-ARCHIVE,PATHOLOGY_ARCHIVE,STABLE,1,0,1,1,1,0,0,0,0
UGC12506,BARYONIC-ONLY-IMPROVEMENT-NFW-DOMINANT,31,-98.6898174026708,24.532625826012136,-45.683752894894354,-98.6898174026708,24.532625826012136,-45.683752894894354,0,0,0,0.5588138382398594,0.4207338902587236,231.50485956022607,255.0,0.1186750773341874,0.3919813441677785,1.25,6.398611543138635,0,1,18,HALO_DOMINANT_LIKE,MEDIUM,NFW-like comparator substantially outperforms representative RRF; parent_stage8=BARYONIC-ONLY-IMPROVEMENT-NFW-DOMINANT,HALO_DOMINANT_LIKE,STABLE,0,0,1,1,0,1,0,1,1
UGC12632,NUISANCE-SENSITIVE-DIAGNOSTIC-SIGNAL,15,-588.7177215064172,-0.816870399449936,-88.64001111524091,-588.7177215064172,-0.816870399449936,-88.64001111524091,1,0,1,0.2790514196762241,0.5257935739194929,73.05001711156541,73.2,0.2285957538576277,0.3061159266571158,2.0,3.079723021313716,0,1,18,NUISANCE_SENSITIVE,MEDIUM,nuisance-sensitive parent class or nuisance boundary; parent_stage8=NUISANCE-SENSITIVE-DIAGNOSTIC-SIGNAL,NUISANCE_SENSITIVE,STABLE,0,1,1,1,1,0,0,1,1
UGC12732,BARYONIC-ONLY-IMPROVEMENT-NFW-DOMINANT,16,-1174.6050292340435,15.458775957115517,-38.28415073666521,-1174.6050292340435,15.458775957115517,-38.28415073666521,1,0,1,0.3909351694997896,0.6794584423461238,93.17963833370464,98.0,0.3056730110039505,0.250601195861304,1.25,33.13680461277227,0,0,5,NUISANCE_SENSITIVE,MEDIUM,nuisance-sensitive parent class or nuisance boundary; parent_stage8=BARYONIC-ONLY-IMPROVEMENT-NFW-DOMINANT,NUISANCE_SENSITIVE,STABLE,0,1,1,1,0,1,0,1,1
UGCA442,NUISANCE-SENSITIVE-DIAGNOSTIC-SIGNAL,8,-3295.399637368749,-0.0823588986010861,-19.426011411970464,-3295.399637368749,-0.0823588986010861,-19.426011411970464,1,0,1,0.4057639903245413,0.8824432380503147,56.5,57.8,0.7104378330876915,0.1553056621505208,1.75,11.763707090800104,0,0,9,NUISANCE_SENSITIVE,MEDIUM,nuisance-sensitive parent class or nuisance boundary; parent_stage8=NUISANCE-SENSITIVE-DIAGNOSTIC-SIGNAL,NUISANCE_SENSITIVE,STABLE,0,1,1,1,1,0,0,1,1
UGCA444,BARYONIC-ONLY-IMPROVEMENT-NFW-DOMINANT,36,-352.6830178186418,17.27581298016341,-43.24120935370883,-352.6830178186418,17.27581298016341,-43.24120935370883,1,0,1,0.3128539025927373,0.5859906694306868,35.6,38.3,0.895069351032576,0.2152550972099481,1.25,15.410957533018452,0,0,7,NUISANCE_SENSITIVE,MEDIUM,nuisance-sensitive parent class or nuisance boundary; parent_stage8=BARYONIC-ONLY-IMPROVEMENT-NFW-DOMINANT,NUISANCE_SENSITIVE,STABLE,0,1,1,1,0,1,0,1,1
