galaxy,dcrra7_residual_map_zone,best_n,rrf_rc_over_rlast,rrf_A_over_vouter2,v_outer_kms,v_max_kms,gas_fraction_proxy,outer_baryon_fraction_proxy,n_points,estimated_family_delta_aic_minus_nfw_like,estimated_family_delta_aic_minus_rar_like,rrf_aic_v2,curve_level_rrf_A_kms2,curve_level_rrf_rc_kpc,delta_aic_rrf_minus_best_destructive_null,delta_aic_rrf_minus_best_neighbor_null,delta_aic_locked_minus_best_continuum,grid_count_within_2_of_best,grid_count_within_10_of_best,response_family_strength_axis,halo_competitiveness_axis,rar_competitiveness_axis,nuisance_or_pathology_flag,overflex_neighbor_risk_flag,destructive_null_pass_flag,phase4a_proxy_pc1,phase4a_proxy_pc2
CamB,PATHOLOGY_ARCHIVE_ZONE,12.0,1.2047431932148416,3.504588462260784,16.8,20.1,0.1974420874210283,1.0734187216553288,9,-34.09554621684991,-327.8953577776145,36.55967766961543,5720.558392435284,5.37,-8.230491173267175,8.259525745378557,8.573434947447236,22,30,361.9909039944644,-34.09554621684991,-327.8953577776145,1,1,1,-1.281447610751267,1.1697797087688586
D631-7,RESPONSE_FAMILY_DOMINANT_ZONE,3.0,0.5215233187900268,1.0285250526739784,58.05105511530346,58.5,0.6260298172412903,0.1300743191614056,16,-50.66966710111582,-209.19427082449943,10.329020709320556,3444.866407523111,3.7428405773515694,-283.79210589878494,-3.994790552429368,0.3378182380397376,6,12,259.86393792561523,-50.66966710111582,-209.19427082449943,0,0,1,-0.5485470596237111,-2.2814514203190503
DDO064,MIXED_THREE_WAY_COMPETITIVE_ZONE,2.5,0.5453951187493905,0.7256854873491801,46.4,46.9,0.2892437293785073,0.3551905283888228,14,-2.9693757092042548,3.500258674831835,7.763989667093139,1926.6923528618704,1.2963821729292275,-18.87357580479407,0.0901499600626829,0.224282990006766,20,39,2.9693757092042548,-2.9693757092042548,3.500258674831835,0,1,1,-1.7713733724350236,-1.069073788774359
DDO154,RESPONSE_FAMILY_DOMINANT_ZONE,2.25,0.3987982128493373,0.9112288090675428,47.4,48.2,0.7866455535310898,0.1370599886058146,12,-73.781084907259,-239.17760962377585,26.0624372706993,1970.547819575832,1.982368921790632,-788.8117854534869,14.680780541964008,15.832653718433322,3,6,312.95869453103484,-73.781084907259,-239.17760962377585,0,1,1,-0.05348326147880649,-3.061589409989194
DDO161,RESPONSE_FAMILY_DOMINANT_ZONE,2.0,0.4880743627566271,0.8403563708153551,66.70007496247662,67.5,0.6587086856264412,0.2606261547798332,31,-23.98352020576462,-3125.9604374866494,23.183709487119447,3723.57921957872,5.9581991090751565,-442.2640752212285,11.793893595714692,11.701024615200968,3,7,3149.943957692414,-23.98352020576462,-3125.9604374866494,0,1,1,5.5914811426483055,-2.5579470503923805
DDO168,RESPONSE_FAMILY_DOMINANT_ZONE,4.5,0.5155614938202889,0.9738391502215304,54.8,55.0,0.6378034891254569,0.2702505461132719,10,-69.60156930733527,-152.93466295982793,15.292117618302488,2877.3701482368974,2.147807366096293,-246.04154059837845,3.038624871320504,3.184327863667983,8,18,222.5362322671632,-69.60156930733527,-152.93466295982793,0,1,1,-0.7723068793042256,-1.9958837532734515
DDO170,RESPONSE_FAMILY_WITH_NFW_COMPETITIVE_ZONE,2.0,0.2751975502260967,0.7990570586651387,60.0,62.2,0.6484889010918328,0.2706209444444444,8,-4.333058386685952,-651.7895559032216,18.01370609792245,2840.484136067112,3.5273064460853814,-70.02302455314742,6.296284525490012,6.292381145415192,5,12,656.1226142899076,-4.333058386685952,-651.7895559032216,0,1,1,0.05453164260694468,-2.4444294630935235
ESO079-G014,RESPONSE_FAMILY_DOMINANT_ZONE,2.75,0.3673883135459856,0.6893282911963908,176.00284088616297,178.0,0.0126686798260807,0.5941916115182231,15,-40.11339072931044,-35.52806776714425,11.117397402823483,22220.237849109788,5.98373829622826,-142.55237809653792,-4.706361472263122,2.04558117380728,4,10,75.64145849645469,-40.11339072931044,-35.52806776714425,0,0,1,-0.47444872105064895,0.4305704581890796
ESO116-G012,RESPONSE_FAMILY_DOMINANT_ZONE,2.0,0.4175996514909084,0.7458811518839589,110.5011312159292,112.0,0.1016601551629533,0.3043383890913558,15,-41.27237240114939,-71.6609347269713,32.55909484443075,9865.338439775594,2.8969057919667582,-344.4679153767344,18.242536267784068,18.154872096412745,3,7,112.9333071281207,-41.27237240114939,-71.6609347269713,0,1,1,-0.3018946959383426,-1.1040083070585156
ESO563-G021,RESPONSE_FAMILY_DOMINANT_ZONE,4.25,0.1395602561285265,0.9369142798761436,314.00159235265033,321.0,0.0048411271695432,0.4689661647920322,30,-486.036632656244,-486.7943883426725,140.21315165621476,70067.99216421216,6.598135385225629,-2473.800830662044,26.18889736664495,25.709272749280075,2,6,972.8310209989164,-486.036632656244,-486.7943883426725,0,1,1,4.1237475267086,1.9707273046653266
F563-1,NUISANCE_SENSITIVE_ZONE,3.75,0.1401376038793744,0.848415454663316,111.5,112.5,0.4291438467246827,0.1338615294898349,17,-12.855631168087246,-9.190447704920448,7.624271028319944,10121.671503794534,2.923649311306986,-58.88977272979765,0.1270828525605303,0.1477962710808569,19,37,22.04607887300769,-12.855631168087246,-9.190447704920448,1,1,1,-1.487862942368091,-0.6857153587121164
F563-V2,NUISANCE_SENSITIVE_ZONE,2.75,0.204028245524642,0.656131248776451,118.0,118.0,0.0826615559827784,0.2167593363975869,10,-5.824966510174958,0.7319019160020908,4.708991835066544,11878.758358634886,1.9823605092789671,-22.546879309603185,-0.7035383486809526,0.2313908043238122,12,38,5.824966510174958,-5.824966510174958,0.7319019160020908,1,0,1,-1.563345376515884,-0.31074934371335533
F568-1,MIXED_THREE_WAY_COMPETITIVE_ZONE,2.5,0.2422094347320097,0.6810086588426209,133.0,142.0,0.0641954520350811,0.2247057097631296,12,-8.792170896755017,-5.027749912199029,5.137576600069555,14458.677031943826,2.892353652836071,-59.79381075180872,0.4399314325796419,0.9125056348522946,10,28,13.819920808954048,-8.792170896755017,-5.027749912199029,0,1,1,-1.1060426905486396,-0.3523166169793833
F568-3,RESPONSE_FAMILY_DOMINANT_ZONE,3.25,0.217139396070658,0.7400438971856966,107.0,120.0,0.0279303255585602,0.3352873613416019,18,-48.18526202555267,-38.16478015332208,7.47955583482322,8603.666429164083,3.899314852117791,-107.1164476064663,-2.439212479782741,0.0023671579486057,6,15,86.35004217887474,-48.18526202555267,-38.16478015332208,0,0,1,-0.6911110404076577,-0.49165033621509757
F568-V1,MIXED_THREE_WAY_COMPETITIVE_ZONE,2.5,0.1526612881500541,0.765461295372624,112.0044641967453,118.0,0.0681158740197896,0.2032920127540853,15,-1.4647164164372033,0.4857623320877744,5.128880475247271,11512.235339091303,2.5660908024264217,-17.676401441484288,0.1365836706429233,0.3507592349767572,14,40,1.4647164164372033,-1.4647164164372033,0.4857623320877744,0,1,1,-1.4016628173851737,-0.33171386028445415
F571-8,RESPONSE_FAMILY_DOMINANT_ZONE,4.75,0.3343232456977319,1.0385375820375815,137.5227253947507,144.0,0.0083012805474973,0.2400174091209516,13,-19.3919905363228,-526.3424004858297,125.29267436253204,20349.452761649663,6.332370654410824,-92.02883939704094,7.117159821509418,8.740119002516437,6,17,545.7343910221525,-19.3919905363228,-526.3424004858297,0,1,1,0.32143320159780825,0.05821988012233167
F574-1,RESPONSE_FAMILY_DOMINANT_ZONE,2.25,0.2491003292902196,0.6156857941285421,99.15061774895808,99.7,0.0550001193570023,0.3306187667489417,14,-20.01606505239241,-25.505217090935627,7.140848262214439,7681.125502618162,2.7939947863041024,-196.8258357952859,1.97381772489753,2.575736783049547,5,14,45.52128214332804,-20.01606505239241,-25.505217090935627,0,1,1,-0.780884480528166,-0.954959744386933
F579-V1,RESPONSE_FAMILY_WITH_NFW_COMPETITIVE_ZONE,2.0,0.0462109686454746,0.4622064237773888,114.0,114.0,0.0399889921165492,0.4489963450292398,14,-3.6131851585052432,-29.66294092389072,6.010555254528066,8909.822042453947,0.9491516329392116,-0.3988682505267782,1.8367406023877075,1.835313894787027,10,40,33.27612608239596,-3.6131851585052432,-29.66294092389072,0,1,1,-1.3242722188108513,-0.31186979596413694
F583-1,RESPONSE_FAMILY_DOMINANT_ZONE,2.5,0.2009590242049004,0.7669085764891291,80.3,86.9,0.0,0.1775511352974292,25,-33.461109446273866,-41.82132254536074,9.09839156237219,5211.592706147845,3.028560424814862,-134.0661967701155,0.2092020558840559,3.288719149485709,4,11,75.28243199163461,-33.461109446273866,-41.82132254536074,0,1,1,-0.511368509584143,-1.1944930765323838
F583-4,PATHOLOGY_ARCHIVE_ZONE,1.25,6.857453079640037,221.4420061631733,67.2,69.9,0.0593960362422287,0.3577840003188776,12,-6.381560069032898,-2.4932990467102543,11.880428158236445,3002.66327849137,1.5866781783475674,-24.264275284077154,6.375204545960068,6.387027105004118,4,19,8.874859115743153,-6.381560069032898,-2.4932990467102543,1,1,1,-1.4939506097763784,-0.7244018594252696
IC2574,RESPONSE_FAMILY_DOMINANT_ZONE,1.5,0.8283831339269393,1.1254730942061557,63.8,67.5,0.2116150179551619,0.2876462741128723,34,-1108.9191718874874,-217.3524780184149,150.5544349182248,2952.619310909403,5.142523956180357,-1058.963311826627,100.18711076057052,113.1095552004418,2,2,1326.2716499059024,-1108.9191718874874,-217.3524780184149,0,1,1,5.228331595469772,-1.7113766691841816
IC4202,RESPONSE_FAMILY_DOMINANT_ZONE,5.25,0.1278974859817548,0.8366724070067261,244.0020491717232,250.0,0.0123581127406597,0.7197173681912087,32,-539.4358516724362,-966.2044784718516,2636.9867453439592,32940.54028876165,5.598431246324753,-1321.4358922809597,71.16663504743792,73.38762729008931,5,11,1505.640330144288,-539.4358516724362,-966.2044784718516,0,1,1,6.474472434049891,2.455330293283548
KK98-251,RESPONSE_FAMILY_DOMINANT_ZONE,2.5,0.6517010558274364,0.7000395472910395,33.752999866678515,34.6,0.6284665887812021,0.4100048715619281,15,-20.18080584230779,-269.2653141438899,8.187189714841246,928.8724264707294,1.7162920468038985,-44.19888972839929,0.7706081105777169,1.33656441512536,8,20,289.4461199861977,-20.18080584230779,-269.2653141438899,0,1,1,-0.8354000576927321,-2.252434031359919
NGC0024,RESPONSE_FAMILY_WITH_NFW_COMPETITIVE_ZONE,2.0,0.0810573064565123,0.9278399647960706,107.0,110.0,0.0319716696243104,0.3737699973796838,29,-4.339303425083575,-10.003988032714908,23.78719219138437,9505.245613351262,1.1021845378274882,-192.60467023117727,11.486153837704869,11.47495175481254,3,7,14.343291457798482,-4.339303425083575,-10.003988032714908,0,1,1,-0.44976574660048185,-1.026024335854596
NGC0055,RESPONSE_FAMILY_DOMINANT_ZONE,2.5,0.3935160498339721,0.6793056427322015,86.1500145095751,87.4,0.4279721391830404,0.4450151950497351,21,-36.733368842467215,-80.7096146249526,13.680137323754373,5231.557438387967,4.7281922327022095,-305.9041527399795,2.268447243072478,7.051930215369249,3,7,117.4429834674198,-36.733368842467215,-80.7096146249526,0,1,1,-0.43874886111354605,-1.5045935083634776
NGC0100,RESPONSE_FAMILY_DOMINANT_ZONE,2.0,0.4751104934531729,0.7894762601547056,88.25318691129516,91.2,0.0717130771642955,0.2797471119741931,21,-18.385064374588865,-26.678872040562183,11.83345438572703,6036.111464948796,3.275360309783798,-200.9805152604219,6.420185805778775,6.4971619481819065,4,11,45.06393641515105,-18.385064374588865,-26.678872040562183,0,1,1,-0.6264247541316662,-1.1635684264178696
NGC0247,NUISANCE_SENSITIVE_ZONE,1.25,0.1210005570401167,0.0972548888846179,105.0,108.0,0.1711993075392346,0.3700970975056689,26,-83.64643289335555,-145.7062054655939,161.72121252058312,4761.738247008127,1.8868795068693136,-392.4674490575399,123.158886632924,125.4607541050141,1,3,229.35263835894943,-83.64643289335555,-145.7062054655939,1,1,1,0.6995701957449856,-1.3928622606237508
NGC0289,RESPONSE_FAMILY_WITH_NFW_COMPETITIVE_ZONE,1.0,0.0141162959225653,0.8675265699891052,166.0,194.0,0.2416826300158278,0.3135273116562636,28,-6.4094635072125,-167.356497374309,63.28893554210363,21204.251952256443,6.827843038493158,-11.906080665454295,7.831800963929623,7.840947999027563,5,18,173.7659608815215,-6.4094635072125,-167.356497374309,0,1,1,-0.14427279284723182,-0.2988856755638355
NGC0300,RESPONSE_FAMILY_DOMINANT_ZONE,1.5,0.4784997912371106,0.8048134135329373,93.7,97.0,0.1550053289260283,0.2263246196619698,25,-32.18116120227826,-46.21532686144808,44.94206368961019,7342.766451363918,2.906784556533873,-366.6026122277439,28.299259602782257,31.841602384673216,3,6,78.39648806372634,-32.18116120227826,-46.21532686144808,0,1,1,-0.1979347712043666,-1.4659712116499897
NGC0801,PATHOLOGY_ARCHIVE_ZONE,12.0,0.5127765548207415,0.5713750930334038,216.0,238.0,0.0231009928853863,0.7427947498713993,13,-2.015899527890115,-398.1194384993806,81.24479452413425,23638.463933204035,2.59920403581618,-101.0010992435943,8.178439073805151,11.706741522449748,2,30,400.1353380272707,-2.015899527890115,-398.1194384993806,1,1,1,-0.20830297624789537,2.248069744841963
NGC0891,RESPONSE_FAMILY_DOMINANT_ZONE,8.0,0.2569285870056897,0.7310455505677906,216.0,234.0,0.0066657972355341,0.971278594393004,18,-50.90068708315182,-147.23213702909314,223.18651025564208,26409.378827121443,9.429072872889728,-85.02147209054226,43.48998280916274,42.97637879906492,14,21,198.13282411224495,-50.90068708315182,-147.23213702909314,0,1,1,-0.024592821094811007,2.6669320610180893
NGC1003,RESPONSE_FAMILY_DOMINANT_ZONE,0.75,0.4097535546942801,0.8558053835801376,112.0,115.0,0.3465203095997785,0.153368853635204,36,-151.05846351454653,-234.998312228464,315.2863023232723,9585.560481408793,6.773212761468839,-695.8238785423766,231.9942303812616,234.212930732452,1,2,386.0567757430105,-151.05846351454653,-234.998312228464,0,1,1,2.102504029093818,-1.5682749017945028
NGC1090,HALO_COMPARATOR_DOMINANT_ZONE,2.25,0.4581816588882336,0.5967506591893686,162.0,176.0,0.0529771945254427,0.5813232205456487,24,13.503366819144404,-104.1562364919086,38.824334888359104,16880.63807413292,4.874004418503627,-830.4403996067756,2.7358491176751087,3.4504335226829,4,28,104.1562364919086,13.503366819144404,-104.1562364919086,0,1,1,-0.3240485253484805,0.40274858785518197
NGC1705,NUISANCE_SENSITIVE_ZONE,1.25,0.2699652734891807,0.7585732608356638,71.5,73.2,0.2206113878290372,0.1191345493667172,14,-2.699106619804996,-1.6132009777843497,7.681651830628267,4413.8947966653,0.2502168536914327,-0.6863244144511906,3.007505712433864,3.0359257756946603,8,41,4.312307597589346,-2.699106619804996,-1.6132009777843497,1,1,1,-1.565772802510602,-1.479469304305506
NGC2366,RESPONSE_FAMILY_DOMINANT_ZONE,3.25,0.332707052816288,0.7937583070945281,50.0,53.7,0.5746768881382994,0.3613232799999999,26,-60.49801396495747,-188.19434663484665,11.533914097533142,2003.6174889919905,1.925428910435792,-469.5708186351293,-3.533718500761985,0.019040711869426,5,12,248.6923605998041,-60.49801396495747,-188.19434663484665,0,0,1,-0.35548346380115,-2.074655728256009
NGC2403,RESPONSE_FAMILY_DOMINANT_ZONE,1.0,0.255626880640402,0.6734263262514253,134.0,136.0,0.0372272421295695,0.2607046781020271,73,-1764.103834908234,-2312.6802282616773,2262.344548964292,12623.372853472089,2.9622185380989627,-3964.261436426205,1910.1264775221416,1888.8188068935087,1,1,4076.784063169911,-1764.103834908234,-2312.6802282616773,0,1,1,22.575580874772296,-0.7149752144114493
NGC2683,RESPONSE_FAMILY_WITH_NFW_COMPETITIVE_ZONE,3.258993,0.1734499851093886,0.6746402105930327,155.0,212.0,0.0238521332796055,0.4750915046826222,11,-0.3289693086010885,-12.870286113773432,12.698761952276056,19135.13471269832,3.130404109338659,1.769740535135849,-0.1457754145475291,0.0,36,41,13.19925542237452,-0.3289693086010885,-12.870286113773432,0,0,0,-1.8760495666533712,2.5936797512638528
NGC2841,RESPONSE_FAMILY_WITH_NFW_COMPETITIVE_ZONE,2.5,0.0308633511474263,0.8143661429406062,282.0,323.0,0.0407041214738189,0.2486075675267843,50,3.2492797600188084,-20.12622187988677,76.7490258393455,63083.36838696662,3.58806669473571,-117.16472792755944,1.5549504285286986,2.244364582263202,6,16,20.12622187988677,3.2492797600188084,-20.12622187988677,0,1,1,0.2763097052342167,1.3690628849180917
NGC2903,HALO_COMPARATOR_DOMINANT_ZONE,3.258993,0.2019274578334512,0.7373296595394772,182.0,216.0,0.0166780161063213,0.5436566386909794,34,72.60862160832198,-167.33797184104805,929.2787425376008,23906.00330264495,6.152786266188065,-3246.3544899274366,-6.992890961079638,0.0,3,7,167.33797184104805,72.60862160832198,-167.33797184104805,0,0,1,1.65835243211632,1.0590010002106771
NGC2915,RESPONSE_FAMILY_DOMINANT_ZONE,5.5,0.1536465753194603,0.9418666509924714,83.45936136827312,86.5,0.3112271069925207,0.0981231978051716,30,-14.617758946202752,-79.99100351210495,20.024185693591928,6405.637087151737,1.810860941804743,-161.68319636974343,2.671572596363145,2.6769633130868726,27,34,94.60876245830772,-14.617758946202752,-79.99100351210495,0,1,1,-1.1646129197373785,-0.4914210445859017
NGC2955,RESPONSE_FAMILY_WITH_NFW_COMPETITIVE_ZONE,5.5,0.2067033202392728,0.7848764104626179,255.50440309317568,276.0,0.0103739801459346,0.9159232497223604,24,-9.950494412512455,-27.47802855530763,94.30287549039402,32319.50707735716,11.044576400827715,-28.9084276626884,1.8054108491686087,1.647566208784184,29,39,37.428522967820086,-9.950494412512455,-27.47802855530763,0,1,1,-0.8801984268106817,3.4295201156039568
NGC2976,RESPONSE_FAMILY_DOMINANT_ZONE,2.25,0.6147370866235623,0.4116504184884204,83.6,88.7,0.0361016628216354,0.943591607334997,27,-14.048901342267747,-22.3888836454954,15.416586010085217,3621.0416827885774,1.2086377842277105,-116.28131463570912,3.5576098094671504,4.056960582475851,4,11,36.43778498776315,-14.048901342267747,-22.3888836454954,0,1,1,-0.706067456063794,-0.437184190944054
NGC2998,RESPONSE_FAMILY_DOMINANT_ZONE,0.5,0.5077935529835234,0.5539695427589976,213.0,214.0,0.0221147120633974,0.5599962838061232,13,-21.516063460693573,-94.66870056614772,45.33635077554205,28396.5904513616,1.883428867292742,-23.88952492915212,25.67274153211865,31.897892636110083,1,3,116.1847640268413,-21.516063460693573,-94.66870056614772,0,1,1,-0.06055054815967575,-0.04341342899937456
NGC3109,NUISANCE_SENSITIVE_ZONE,2.0,0.4293191288380705,0.8070844033325747,66.2,67.3,0.5353212660885707,0.1245184189629521,25,-202.21446904884613,-131.58859238897034,47.92852257846122,3654.070062239725,2.4608454966738966,-366.3254798052219,40.32385545215833,40.31608732740715,2,4,333.8030614378165,-202.21446904884613,-131.58859238897034,1,1,1,0.49434408648251976,-2.4551609895040727
NGC3198,RESPONSE_FAMILY_DOMINANT_ZONE,2.0,0.0846696283337501,0.8686771422977494,149.0,157.0,0.0082695562326993,0.3169300572046304,43,-47.91289688815743,-404.82769514206666,104.4817569812316,17078.939414309356,5.515721113128628,-1789.359612304278,68.69197349562182,68.27622646872766,2,3,452.7405920302241,-47.91289688815743,-404.82769514206666,0,1,1,1.8706311698777327,-0.347172242530248
NGC3521,RESPONSE_FAMILY_DOMINANT_ZONE,0.75,0.5007945913343906,0.6721580250266834,210.0,220.0,0.0013894499413042,1.3059720929705214,41,-43.86862608102517,-51.85770152374394,54.38963633091515,26763.273898635394,4.838765173961326,-76.90547342037408,38.04272185462931,38.90827944227939,2,4,95.72632760476912,-43.86862608102517,-51.85770152374394,0,1,1,0.3749970603599382,1.2458762055459132
NGC3726,RESPONSE_FAMILY_WITH_NFW_COMPETITIVE_ZONE,1.0,0.7361415619456106,0.9704088354627832,168.0,169.0,0.0630373537125971,0.4410980725623583,12,-7.361200270773633,-19.32787916047779,32.96151951536612,13376.714775278197,7.883650559134312,-34.66668807215524,8.10230727970081,8.093884150405788,3,15,26.68907943125142,-7.361200270773633,-19.32787916047779,0,1,1,-0.6464359854235948,-0.02998487981034896
NGC3741,NUISANCE_SENSITIVE_ZONE,1.0,0.3432063828402699,0.8870160178268314,50.05002497501874,51.6,0.7031385125061296,0.0835628471799457,21,-30.82723144311808,-44.239288054834425,59.79956213936897,2163.0698662548666,2.188565236365109,-235.5458741782915,49.682532017855856,49.06825332828568,2,4,75.0665194979525,-30.82723144311808,-44.239288054834425,1,1,1,-0.49390868956667294,-3.064757070180163
NGC3769,MIXED_THREE_WAY_COMPETITIVE_ZONE,4.75,0.1255853561955343,0.7893428798718538,118.0,126.0,0.1458627926780492,0.2450496768170066,12,-2.576341088834215,-2.652201388007452,6.972738281074975,10623.33897485264,5.204362780505676,-32.46500903260439,0.5295902603245981,0.6340222669012263,33,38,5.228542476841668,-2.576341088834215,-2.652201388007452,0,1,1,-1.6700045415930949,0.5680430788663954
NGC3877,PATHOLOGY_ARCHIVE_ZONE,12.0,0.2256837395994895,0.8821634097143458,170.5007331362537,171.0,0.0146172435737962,1.377737799487453,13,-51.19172733477,-99.38533964063252,59.42355372904125,9979.390293630444,2.5146186409942675,2.619974481845766,14.67091025545757,15.517417496258538,15,26,150.57706697540252,-51.19172733477,-99.38533964063252,1,1,0,-1.1695947034260985,3.851677011812818
NGC3893,MIXED_THREE_WAY_COMPETITIVE_ZONE,3.0,0.2009322395221461,0.6793149981012401,176.0,194.0,0.0732720978196661,0.5758161479855373,10,-2.395223145882034,-2.7379741671643822,5.535297620794564,20536.304378032444,4.206972570267574,-26.521131732662653,-0.4104463523901192,0.0033011924749564,17,39,5.133197313046416,-2.395223145882034,-2.7379741671643822,0,0,1,-1.4030459741073271,1.0275547318260163
NGC3917,RESPONSE_FAMILY_DOMINANT_ZONE,2.75,0.2345598019978817,0.7641541104504481,137.0,138.0,0.0367328159500364,0.5510873674676328,17,-33.201477752282884,-37.44839291140221,14.647601591136684,12572.996402810028,3.6612974208622937,-507.4972126910008,-6.75880829593865,2.385929377847175,3,10,70.64987066368509,-33.201477752282884,-37.44839291140221,0,0,1,-0.4495810832625236,-0.23132289038334025
NGC3953,RESPONSE_FAMILY_WITH_NFW_COMPETITIVE_ZONE,4.0,0.1927907956342734,0.5856043676211612,223.0,224.0,0.0036726045377133,1.122566912666653,8,-0.9589545220763156,-15.327266999178224,4.745370256360253,20639.70805016988,3.121156619259553,-0.0155470247089652,0.0329557407986103,0.0315404093617397,41,41,16.28622152125454,-0.9589545220763156,-15.327266999178224,0,1,1,-1.6655506033845604,2.795581076509796
NGC3972,MIXED_THREE_WAY_COMPETITIVE_ZONE,1.75,0.2992767913822083,0.5586210797632447,134.0,134.0,0.0385254628269916,0.5772315660503452,10,-2.1843017469927624,-2.407622908430909,16.783590497606998,10497.101136997611,2.623724068846401,-61.84666800498941,6.769095085116351,7.029628025377111,4,12,4.591924655423672,-2.1843017469927624,-2.407622908430909,0,1,1,-0.8655126323184159,-0.45709801514821047
NGC3992,RESPONSE_FAMILY_WITH_NFW_COMPETITIVE_ZONE,3.0,0.6962696184160729,0.6238252687227074,241.0,272.0,0.06005394060121,0.4823361718978666,9,2.845883619940333,-19.05189387227343,7.24924102557846,43090.89195989909,5.155411210648926,-0.3475050438264606,0.1172669997670325,0.0012824551367867,39,41,19.05189387227343,2.845883619940333,-19.05189387227343,0,1,1,-1.4496148694035307,2.370504072880577
NGC4010,UNRESOLVED_TRIANGULAR_ZONE,4.5,0.5256689605596522,0.7145729854714572,124.0,129.0,0.0567674281678961,0.6494670720603538,12,-11.15399236816166,-9.545342188770384,13.270572857107751,11569.612160803768,5.08886139474887,-37.83111398776619,0.741133896056823,0.7854011122555775,17,36,20.699334556932044,-11.15399236816166,-9.545342188770384,0,1,1,-1.3934180003209795,0.7755827584008202
NGC4013,RESPONSE_FAMILY_DOMINANT_ZONE,0.75,0.5814867725017985,0.8242986093402892,178.0,198.0,0.0406969536526795,0.4171963199091023,36,-54.797141541252486,-78.43495211755473,95.72973808312996,20824.90205456224,8.18475822216528,-151.31542697267705,58.87877670952327,61.57134876027426,1,3,133.23209365880723,-54.797141541252486,-78.43495211755473,0,1,1,0.6028596457073876,0.029647864521650618
NGC4088,MIXED_THREE_WAY_COMPETITIVE_ZONE,4.0,0.8583586836748988,0.8830236705413889,171.0,182.0,0.0497242113485385,0.9990734550801956,12,0.7648705353202896,-2.767577019440136,11.87828080081249,42480.21156866856,24.9497691282088,-15.765628578943236,0.2251227819407528,0.2261431498494666,24,36,2.767577019440136,0.7648705353202896,-2.767577019440136,0,1,1,-1.222949603837745,3.2663026406807942
NGC4100,HALO_COMPARATOR_DOMINANT_ZONE,3.0,0.4084266854895712,0.6119712318747283,158.50078864157112,195.0,0.0351661641969446,0.5881829535277142,24,18.216362037891184,-3.1676446150593627,23.29910034716039,20472.366039367866,3.150717766701765,-33.354343576003274,-0.8531371432253572,0.0791194170903217,11,36,3.1676446150593627,18.216362037891184,-3.1676446150593627,0,0,1,-1.1561719346904098,0.8319553309415462
NGC4157,NUISANCE_SENSITIVE_ZONE,1.5,0.5632411802959979,0.7565471874706314,185.0,201.0,0.0668327980288619,0.5970867406866325,17,-4.966602913991842,-7.649058184769352,14.62812694184428,22815.6415391522,12.13219040847764,-76.64324681948935,4.633415112566164,5.137606372420848,6,15,12.615661098761194,-4.966602913991842,-7.649058184769352,1,1,1,-0.6236056810695404,0.8978728652177163
NGC4183,RESPONSE_FAMILY_WITH_NFW_COMPETITIVE_ZONE,1.5,0.123282773957538,0.6790746966138612,110.5011312159292,115.0,0.2038578648370536,0.3486266000573276,23,0.3705825763522785,-51.16669268964412,13.444592010561784,8529.522119321326,2.6356157860499865,-83.60032751889733,6.533298500953398,7.013943698568509,5,15,51.16669268964412,0.3705825763522785,-51.16669268964412,0,1,1,-0.6913483018712143,-1.122426461753239
NGC4214,RESPONSE_FAMILY_DOMINANT_ZONE,0.5,0.4455934256136883,0.8429861473753444,80.50006211177728,80.6,0.0973905972681566,0.1873241197112461,14,-14.4172119458236,-20.9103198878911,23.005263738770417,5317.460921651449,1.0660893066475543,-3.544868303795504,13.27394252897314,15.36861589737008,2,8,35.3275318337147,-14.4172119458236,-20.9103198878911,0,1,1,-0.7496645145104497,-1.8615117569576987
NGC4217,PATHOLOGY_ARCHIVE_ZONE,12.0,0.1384154772051793,0.8905838106602119,178.0,191.0,0.0169531319570333,0.8335062271177882,19,-55.44303157343886,-51.14911631353899,1054.412555713761,30258.24142669095,14.758539936289798,25.78051221251121,29.063719531586003,31.8098183862993,7,19,106.59214788697784,-55.44303157343886,-51.14911631353899,1,1,0,0.0801753673425619,4.317517656091434
NGC4559,RESPONSE_FAMILY_DOMINANT_ZONE,1.75,0.427997915016395,0.6841015423390955,121.50102880222866,124.0,0.1327742816631758,0.5037915596951735,32,-10.755328068784914,-51.25756702362035,21.66541028993805,10039.115791255546,5.977438409965855,-206.23441859691297,8.95619515151727,9.361079663185276,5,11,62.01289509240527,-10.755328068784914,-51.25756702362035,0,1,1,-0.340096767490617,-0.4753981120600751
NGC5005,MIXED_THREE_WAY_COMPETITIVE_ZONE,4.0,0.7841090001293813,0.4305818807609787,265.0,265.0,0.0395353346041167,1.2326165510857956,18,-0.0156204380063709,3.903798125967711,10.431741710904124,31442.465801631577,6.574611810185444,-0.8599643420426037,0.0730904949486497,0.0737731423785774,36,39,0.0156204380063709,-0.0156204380063709,3.903798125967711,0,1,1,-1.3332992813403226,3.451473224780212
NGC5033,HALO_COMPARATOR_DOMINANT_ZONE,3.75,0.1881514729771759,0.7743013008529714,193.5006459937537,225.0,0.0891501620959167,0.3984446591440208,22,13.231618098960055,-106.92042492964562,93.09582072882228,31363.32047813595,6.816820843949647,-181.33546865268968,1.7861577911889412,1.9222647127935064,6,13,106.92042492964562,13.231618098960055,-106.92042492964562,0,1,1,-0.2447542605651738,0.6867137660213906
NGC5055,RESPONSE_FAMILY_DOMINANT_ZONE,3.5,0.2052551647246638,0.713314265732482,179.0,206.0,0.0442588209343316,0.5086629786835618,28,-30.135226761306285,-1247.707826369919,63.36255160932505,22581.531746653745,11.81597718984074,-1879.0042680583952,4.968275094271341,8.589946668364703,2,5,1277.8430531312254,-30.135226761306285,-1247.707826369919,0,1,1,3.0556488335495886,0.6841883010030818
NGC5371,PATHOLOGY_ARCHIVE_ZONE,12.0,3.3213889274289667,23.11390532325857,208.0,242.0,0.0295591008345643,0.9718086399778108,19,40.25000164293054,-874.29823847732,85.33955083793701,16036.317683215531,0.4833333333333333,6.280675799996644,0.1299436354965308,0.1303670251894857,40,41,874.29823847732,40.25000164293054,-874.29823847732,1,1,0,-0.472712578566855,4.818832904086661
NGC5585,RESPONSE_FAMILY_DOMINANT_ZONE,2.25,0.3454855003864507,0.7952241884466634,90.75012396685749,92.3,0.0337531481386071,0.3066061063057451,24,-84.95158964979488,-128.84606244270245,119.43536468801533,6676.847446759447,3.2430327743566965,-562.7505548911381,18.47116651931612,19.28020074885777,2,5,213.79765209249732,-84.95158964979488,-128.84606244270245,0,1,1,0.2780164263490535,-1.1305258859738414
NGC5907,RESPONSE_FAMILY_WITH_NFW_COMPETITIVE_ZONE,0.5,0.6102522151079524,0.6299398347573697,216.0,235.0,0.0851627896794965,0.4649302854938272,19,3.258353150882975,-413.2258513591798,70.77196199652438,30282.565683741665,2.3939744296144965,9.717494901998691,12.704535741067822,15.964356676969295,2,6,413.2258513591798,3.258353150882975,-413.2258513591798,0,1,0,0.2680506917556373,1.1063878175925121
NGC5985,RESPONSE_FAMILY_DOMINANT_ZONE,3.75,0.1389286977844979,0.9072999646191432,292.0,305.0,0.0113540824358697,0.5100550994558077,33,-20.47744583739456,-303.6719632213908,50.20884694407508,61178.98884214001,3.4185271035037696,-125.45110295260297,1.4513781994131634,1.4069390949408032,8,17,324.1494090587853,-20.47744583739456,-303.6719632213908,0,1,1,0.539306995881778,1.8027926962015361
NGC6015,RESPONSE_FAMILY_DOMINANT_ZONE,1.5,0.505492033420091,0.8056478695530099,155.0,166.0,0.1102062641318496,0.3217735275754422,44,-233.4278594595085,-494.3415518430001,450.640460691301,14375.966934734288,1.7333583699434238,-930.1831161519168,152.20854157992574,187.1941243197234,1,1,727.7694113025086,-233.4278594595085,-494.3415518430001,0,1,1,3.111562735191126,-0.7265507234213296
NGC6195,RESPONSE_FAMILY_DOMINANT_ZONE,1.25,0.3220978046420039,0.6792219319871858,254.5004911586616,258.0,0.0206242180260503,1.0444750719849314,23,-21.60669908849931,-22.41979907140934,57.04303128175522,31375.448601635788,17.661717373104388,-82.37528686547031,8.797677294936108,11.251816843349438,2,9,44.026498159908655,-21.60669908849931,-22.41979907140934,0,1,1,0.05037474710442289,2.1945869792357775
NGC6503,RESPONSE_FAMILY_DOMINANT_ZONE,2.0,0.051049919783919,0.9299111711403716,115.0,121.0,0.1338904283183467,0.2571210699432892,31,-36.06367818832412,-74.61088986423654,70.0377764974611,10627.046295656652,3.522105352311774,-338.74027200703915,27.35241429235002,27.80636304189872,2,5,110.67456805256066,-36.06367818832412,-74.61088986423654,0,1,1,0.07352856903659805,-1.123078293960781
NGC6674,PATHOLOGY_ARCHIVE_ZONE,12.0,0.6819900468154461,0.8374708208455257,242.0,291.0,0.0695715289980319,0.2957972559934431,15,-7.013931180731902,-116.76295390999924,89.0430178251194,44610.71292062906,1.7826955098898467,10.894601951057709,0.6940061845675842,0.7033540399539504,41,41,123.77688509073114,-7.013931180731902,-116.76295390999924,1,1,0,-1.5227370864074812,4.455136353672254
NGC6946,RESPONSE_FAMILY_WITH_NFW_COMPETITIVE_ZONE,2.5,0.1891341960815337,0.6529728163309683,158.0,181.0,0.0418416542681228,0.7552493230251563,58,-2.90871279598332,-26.464780202050548,115.85159006581566,13998.353335384403,4.91464219598041,-1104.4925379077256,4.414704208394383,6.444076863174857,3,8,29.373492998033868,-2.90871279598332,-26.464780202050548,0,1,1,0.5655347518188448,0.4704626960934064
NGC7331,NUISANCE_SENSITIVE_ZONE,2.75,0.4081938448612879,0.6488052483390173,239.0,257.0,0.0400385733168341,0.680788196985347,36,45.01720085249704,26.194350497453943,142.81409394509475,37738.79750892672,16.829695014107042,-784.5070929282485,-8.03653744345732,3.6421598605320185,3,7,-0.0,45.01720085249704,26.194350497453943,1,0,1,0.06599019501468277,2.057982740271825
NGC7793,RESPONSE_FAMILY_DOMINANT_ZONE,1.5,0.4069714823403204,0.4243164820069283,110.51018052650171,116.0,0.0131697783960118,0.6644340552712386,46,-33.66035695203752,-28.412776727620745,65.83283035315334,6350.23373545858,1.8267982502985336,-79.0519528673873,17.72417227357854,21.961020327390308,2,5,62.07313367965826,-33.66035695203752,-28.412776727620745,0,1,1,0.015271527169907892,-0.6095866272040574
NGC7814,NUISANCE_SENSITIVE_ZONE,2.25,0.5412059933885343,0.6316114142134042,214.0,265.0,0.0058556347331544,0.4338701720674294,18,4.736186385404709,-6.555706499533887,17.319215489351645,31556.02116631561,5.154268131962978,-140.07073569053426,1.8836251871496792,2.329651043693463,6,15,6.555706499533887,4.736186385404709,-6.555706499533887,1,1,1,-0.5563921937018793,0.9071107251440585
UGC00128,NUISANCE_SENSITIVE_ZONE,1.5,0.1138607710187257,0.8769611256518387,131.00381673829202,134.0,0.462700483793659,0.1533541982286446,22,-18.83181478856816,-2012.871968934253,131.4028280306119,13867.06642207766,6.758797354034279,-393.173379003523,79.73758537136499,81.35301905412436,1,4,2031.703783722821,-18.83181478856816,-2012.871968934253,1,1,1,3.8754236799519823,-1.6965780709179645
UGC00191,RESPONSE_FAMILY_WITH_NFW_COMPETITIVE_ZONE,1.75,0.1585915161332078,0.656959608850614,81.0,83.85,0.0332466270052825,0.3506495960981557,9,-8.067740661270271,-176.17049504121206,40.62754545124326,4860.723613987756,1.428197845784133,-277.001535794834,25.496968382676627,27.165909257230872,3,6,184.23823570248237,-8.067740661270271,-176.17049504121206,0,1,1,-0.3732865777760457,-1.4196972530254106
UGC00731,NUISANCE_SENSITIVE_ZONE,1.5,0.1546353997136491,0.6421536824815793,73.9,74.0,0.6613776176831884,0.2641669886343868,12,-2.4986739856188223,-142.1519895483693,26.12102196064775,3811.8627197634,1.7477389995650123,-61.93629724319899,19.759478544487905,20.89323350019213,3,8,144.6506635339881,-2.4986739856188223,-142.1519895483693,1,1,1,-0.7835807819108868,-2.5213303739140596
UGC01230,RESPONSE_FAMILY_WITH_NFW_COMPETITIVE_ZONE,4.75,0.0908741064317821,0.7770344898467322,103.0,113.0,0.1742072675174039,0.2875201904043736,11,-6.806027308747725,-35.76947760786764,5.501526886247664,9085.846107057172,3.100115933864687,-22.904509063846696,0.4177633416524662,0.5775827207679454,33,37,42.575504916615365,-6.806027308747725,-35.76947760786764,0,1,1,-1.6675534523539537,0.2781912550455768
UGC01281,UNRESOLVED_TRIANGULAR_ZONE,2.0,0.5159049106838448,0.8828456781018429,55.0,56.9,0.2009839066672678,0.2318520661157025,25,-23.467219844213744,-2.948401521864972,18.21599165668804,2844.248721824812,2.112192232338621,-57.64145147194565,3.5807803065255985,3.535069670072014,6,15,26.41562136607872,-23.467219844213744,-2.948401521864972,0,1,1,-0.8693596767015168,-1.684974225958769
UGC02259,NUISANCE_SENSITIVE_ZONE,1.5,0.1376286497442316,0.8561628889058479,88.3,90.0,0.2031394959774515,0.2583479438596672,8,-4.228217950850475,-39.814771347067946,15.698609609789235,5882.591599355097,1.1279814560262291,-2.9133439248551305,8.674871019585307,8.635280970762135,6,14,44.042989297918425,-4.228217950850475,-39.814771347067946,1,1,1,-1.097046985975255,-1.5317699655182262
UGC02455,PATHOLOGY_ARCHIVE_ZONE,12.0,6.450918471613389,354.6589776046778,53.1,61.0,0.0515977569898849,1.9758684357056469,8,-5.491527394836799,-16.16108724369261,366.7089673520017,0.0,0.1666666666666666,2.0,0.1246981557446815,1.305758460983725,41,41,21.652614638529407,-5.491527394836799,-16.16108724369261,1,1,0,-2.7233932802128655,4.934571832933738
UGC02487,RESPONSE_FAMILY_DOMINANT_ZONE,5.25,0.2679854852456885,0.5849776918947217,330.0,383.0,0.0215172481039733,0.3122713994490358,17,-11.518807615177463,-71.89336105888594,145.393959076668,90333.58948993484,5.257882346674229,41.688982637619816,2.066367575176315,1.3204994706823925,31,35,83.41216867406341,-11.518807615177463,-71.89336105888594,0,1,0,-0.7722158219425392,4.572044175070307
UGC02885,RESPONSE_FAMILY_DOMINANT_ZONE,0.5,0.4548293367179898,0.6659845955984076,298.0,305.0,0.0688298654437147,0.4113308781135986,19,-44.86316501202078,-41.22539913493661,79.23660942820945,59224.620723943386,13.614628305332497,-37.352830807183366,41.97727085631743,52.893537739214025,1,2,86.0885641469574,-44.86316501202078,-41.22539913493661,0,1,1,0.5416862656813104,1.4454057593457021
UGC02916,NUISANCE_SENSITIVE_ZONE,9.25,0.0042443748490972,1.0078577013510563,210.0,218.0,0.0098428559949136,0.713778387755102,43,-606.285332282499,-675.1131682119549,1165.0448667405783,28526.98272106868,9.30517793961034,-227.491208489754,293.39747612950976,297.59443047020875,7,11,1281.398500494454,-606.285332282499,-675.1131682119549,1,1,1,5.512148635918411,2.4284996369435743
UGC02953,RESPONSE_FAMILY_DOMINANT_ZONE,2.5,0.0714621835113319,0.8231470149663712,264.0,319.0,0.0,0.4124512195821854,115,-337.2088072089552,-426.5148641828584,386.57276230812886,52103.42340398917,5.19955368216639,-3914.3827842394144,2.8394449944802886,29.92421134992668,2,3,763.7236713918136,-337.2088072089552,-426.5148641828584,0,1,1,5.404649921347818,1.6689560374128958
UGC03205,RESPONSE_FAMILY_DOMINANT_ZONE,1.5,0.0562874002236838,0.7541552971674648,219.0022830931221,237.0,0.0001483734526184,0.5593770557941704,48,-69.55528791783338,-156.61367833476805,133.87988276021207,29922.23404655267,2.5222328186495804,-287.39798994611937,11.217550392784318,10.10281802099496,3,10,226.16896625260145,-69.55528791783338,-156.61367833476805,0,1,1,0.8196845837175724,0.5762080984222404
UGC03546,RESPONSE_FAMILY_DOMINANT_ZONE,4.5,0.28094877331902,0.610559779158646,193.5006459937537,262.0,5.266504170286921e-05,0.6712652293516725,30,-12.021190882934423,-14.526479041445183,48.65240382364379,24340.81251533685,8.053233044379319,-90.41550757990774,2.029347720338791,2.3211046200667127,11,28,26.547669924379605,-12.021190882934423,-14.526479041445183,0,1,1,-0.5214946564492183,1.8165746202839548
UGC03580,HALO_COMPARATOR_DOMINANT_ZONE,3.0,0.3222569995544311,0.8564790593136979,120.01666550941998,131.0,0.006585651508296,0.3770999514023882,47,75.14574846865852,56.044262666624206,1192.5705163166383,12280.17749551132,7.919102317108258,-2214.9934976807,-32.68473093187072,4.301339040463972,1,4,-0.0,75.14574846865852,56.044262666624206,0,0,1,1.102028987132104,0.3020351981219918
UGC04278,RESPONSE_FAMILY_DOMINANT_ZONE,1.5,0.8011807562144369,1.1443264146439338,86.3,92.8,0.0,0.2682147753195957,25,-40.54189779263508,-73.56336245901721,38.9816444033192,6900.530507242608,3.6613420213022017,-142.44032929827128,19.736990538153933,24.36716583676987,2,5,114.1052602516523,-40.54189779263508,-73.56336245901721,0,1,1,-0.1985238245928435,-1.2009709956042072
UGC04305,RESPONSE_FAMILY_WITH_NFW_COMPETITIVE_ZONE,7.0,0.120020682508059,0.0716810187553453,34.8508966886076,37.3,0.1917661798507816,1.2761931853266757,22,-1.0953643336232233,-706.7269000219987,34.419421980601,194.81769556333128,0.7026337880432265,2.4140578157053483,0.9989963859399608,1.0157823630253802,32,40,707.822264355622,-1.0953643336232233,-706.7269000219987,0,1,0,-0.8170281997330548,2.0025779023729138
UGC04325,RESPONSE_FAMILY_WITH_NFW_COMPETITIVE_ZONE,2.75,0.1840679473598248,0.6198072133396497,91.6,92.7,0.1723621879624622,0.3678812856352852,8,-9.805444942729652,-42.840824570081935,5.864486959586444,6540.528576990606,1.0859323833668006,-30.410612931776058,-2.0329214324333984,1.0234147531785052,7,15,52.64626951281159,-9.805444942729652,-42.840824570081935,0,0,1,-1.1489764445536195,-1.1400379637140172
UGC04483,RESPONSE_FAMILY_WITH_NFW_COMPETITIVE_ZONE,2.5,0.3850597239640059,0.6618382233646345,24.2,24.3,0.5293546153731834,0.3474602144662249,8,-2.3280609261629923,-33.34080135396548,5.492063531349612,398.34535272858494,0.4201750724301368,-19.78664734346821,0.023920642854212,0.2214416199980267,19,40,35.66886228012847,-2.3280609261629923,-33.34080135396548,0,1,1,-1.9185142914717441,-1.774746104916161
UGC04499,RESPONSE_FAMILY_WITH_NFW_COMPETITIVE_ZONE,2.25,0.3064528249792871,0.6791445682822571,73.3,74.3,0.3223854713490127,0.3914409749687785,9,-4.214373374098926,-19.88763761878937,7.6253522098874384,3802.8964074243,2.366622773977502,-42.15525882972658,2.008500580590699,2.2412663025384614,6,19,24.102010992888296,-4.214373374098926,-19.88763761878937,0,1,1,-1.2242413328296666,-1.501342235811178
UGC05005,MIXED_THREE_WAY_COMPETITIVE_ZONE,2.0,0.3566689707529199,0.814146711204287,99.4,100.0,0.1758389028199194,0.2278496127671461,11,-2.390127517542004,-2.099059285021374,5.024778599013484,8214.802516008602,7.958018603828539,-19.7356002773869,0.835336377726823,0.8249803372515068,13,38,4.489186802563378,-2.390127517542004,-2.099059285021374,0,1,1,-1.4233350104450673,-0.3979194202877774
UGC05253,RESPONSE_FAMILY_DOMINANT_ZONE,2.0,0.2210628874360587,0.5638834382627794,244.0,248.0,0.0012150963030845,0.5755946822090834,73,-190.69175635748093,-361.79668219638575,305.87536755707333,34777.26702898905,6.977644776251372,-1926.1533230299524,132.03215026682318,131.57298328085685,1,2,552.4884385538667,-190.69175635748093,-361.79668219638575,0,1,1,3.559964747252905,1.1314565861406638
UGC05716,NUISANCE_SENSITIVE_ZONE,1.5,0.3284737213881026,0.762686372163753,73.0,74.7,0.5582940073721909,0.2012508350534809,12,-14.558664454489184,-370.3379109473378,66.50490779326523,4303.061195963649,2.7724734879650303,-215.0076106193513,50.616822160266295,48.17572643268608,2,6,384.89657540182696,-14.558664454489184,-370.3379109473378,1,1,1,-0.01326252248414568,-2.418145358189074
UGC05721,RESPONSE_FAMILY_DOMINANT_ZONE,2.25,0.180535928341847,0.8558687709417734,78.4501434033106,82.6,0.251008184583506,0.1633083269354976,23,-15.432301238717027,-52.70445062814652,18.905803982132447,5575.972294198512,0.8756415901707212,-176.3054614755154,2.80799165200348,3.175916409614484,6,15,68.13675186686355,-15.432301238717027,-52.70445062814652,0,1,1,-0.7297997406682775,-1.698425411416796
UGC05750,MIXED_THREE_WAY_COMPETITIVE_ZONE,2.75,0.2287756666337537,0.7228335007477767,77.6,78.9,0.1792511779575575,0.3468188204113083,11,-5.329285248503268,-6.419411210981108,4.273824170387387,4520.676189926946,5.241805961496437,-19.94279178755448,-0.5233988150397604,0.1389215726000259,16,37,11.748696459484377,-5.329285248503268,-6.419411210981108,0,0,1,-1.620474182027035,-0.45838951699693287
UGC05764,NUISANCE_SENSITIVE_ZONE,2.25,0.2552451652903577,0.9388999067554332,50.0,55.8,0.693184130007422,0.2141353999999999,10,-23.40167185945465,-443.7164635058664,28.79202538360984,2545.268502494359,0.895222465086211,-231.98343252747776,5.478650937894649,6.4527116054055575,4,10,467.11813536532105,-23.40167185945465,-443.7164635058664,1,1,1,-0.26321818945671255,-2.7533235631483444
UGC05829,NUISANCE_SENSITIVE_ZONE,1.25,0.4630453637223821,0.5275465596957494,65.6,68.6,0.3969357625823655,0.3607083999479477,11,-1.6149347323548922,-23.510736019745327,10.52102293772397,2535.392216610464,2.2661019391716524,-21.10559401292992,5.6621305658738645,5.881256882883455,5,17,25.12567075210022,-1.6149347323548922,-23.510736019745327,1,1,1,-1.2444116457837877,-1.834920545166421
UGC05918,NUISANCE_SENSITIVE_ZONE,1.75,0.2344188649348866,0.5343026953925514,42.6,44.5,0.2851119649642405,0.2728032907932729,8,-0.9206982284302684,-4.440224271594106,5.610039051904307,1404.9446817091548,1.1098339559806665,-4.148346532835266,1.4368592666555609,1.4797039869175332,12,41,5.360922500024374,-0.9206982284302684,-4.440224271594106,1,1,1,-1.8305998402619585,-1.4713470079463955
UGC05986,RESPONSE_FAMILY_DOMINANT_ZONE,2.5,0.3433739315604619,0.7958722481526723,110.51018052650171,116.0,0.1037790247211096,0.2709372118730809,15,-64.38651427688755,-78.48313616415784,18.2131921811362,11149.837162371106,2.659177388095832,-344.2725831238653,1.7690578956478902,6.732256335290602,3,7,142.8696504410454,-64.38651427688755,-78.48313616415784,0,1,1,-0.26005473091546216,-1.0846943977540782
UGC06399,MIXED_THREE_WAY_COMPETITIVE_ZONE,2.25,0.500131445787263,0.6010405296028228,85.6,87.6,0.1233202339522139,0.3340797367674034,9,-4.638863550835865,0.0996204990018136,6.237485952113435,5894.881881133879,2.654993694206873,-38.804420104184686,1.957697068190576,1.9924560909515885,9,21,4.638863550835865,-4.638863550835865,0.0996204990018136,0,1,1,-1.250033495364202,-0.9815940359248744
UGC06446,NUISANCE_SENSITIVE_ZONE,1.5,0.2441147851955216,0.6332240763138611,83.2,84.9,0.3762498073894136,0.2275787172938239,17,-3.243948458922839,-10.518514488613764,16.513267203971303,5119.355926327093,1.488485480094818,-54.26698523505625,9.27855287851411,9.764022153917416,5,12,13.762462947536603,-3.243948458922839,-10.518514488613764,1,1,1,-1.003918706522915,-1.87891677183874
UGC06614,MIXED_THREE_WAY_COMPETITIVE_ZONE,2.75,0.3731204778565899,0.8065581673664792,203.00246303924493,205.0,0.0,0.3854119619024508,13,0.0270818183446968,-2.6474537784685337,5.858099789227744,32261.27247662076,17.73857156317811,-34.7285624843067,-0.4480850256663213,0.3928877428686919,12,35,2.6474537784685337,0.0270818183446968,-2.6474537784685337,0,0,1,-0.9945785570575129,1.8408873524742722
UGC06667,NUISANCE_SENSITIVE_ZONE,2.0,0.2856769324566942,0.7602366500634608,85.0,85.7,0.4956522561010189,0.1622567335640138,9,-9.086860482805598,-30.576752708401635,13.009754540097136,6249.775797056001,2.3394360602912423,-154.12439487046854,8.08129552820478,8.120467281512166,5,11,39.66361319120723,-9.086860482805598,-30.576752708401635,1,1,1,-1.0374362400108914,-2.0501572699243544
UGC06786,NUISANCE_SENSITIVE_ZONE,1.25,0.1090890264302983,0.9146739267092616,226.0,229.0,0.0033743636140993,0.3260387246456261,45,-184.01610936911365,-729.3053598067423,241.3400897216561,39474.67813989485,4.605576335796709,-1960.8152035923167,195.49712966778927,194.2213100700743,2,2,913.321469175856,-184.01610936911365,-729.3053598067423,1,1,1,3.9109509682765697,0.34806212961911603
UGC06787,NUISANCE_SENSITIVE_ZONE,2.25,0.1151497175581048,0.8156569490758488,246.5005070988699,276.0,0.0019108667577432,0.327921644929027,71,201.6758030097524,-260.3347714857912,1694.6501848978216,41550.68498098121,5.735722114168681,-3536.42546989353,22.732909589727115,24.9032838228095,1,4,260.3347714857912,201.6758030097524,-260.3347714857912,1,1,1,3.054597034520774,1.6663858883828095
UGC06818,RESPONSE_FAMILY_WITH_NFW_COMPETITIVE_ZONE,5.75,0.6799239098821815,1.2152157172832838,71.2,74.4,0.0802031060064331,0.3452807805201363,8,-8.617212434500871,-13.227846806987255,7.423060020468364,6388.927607084973,5.0805119132338215,-9.645719550958004,2.0434061353468014,2.041518071058132,28,36,21.845059241488126,-8.617212434500871,-13.227846806987255,0,1,1,-1.7699880731490423,0.32305768786311223
UGC06917,MIXED_THREE_WAY_COMPETITIVE_ZONE,2.25,0.334071427638817,0.5847378632107327,110.0,111.0,0.095637589728028,0.3929983471074379,11,-6.006104605885432,-6.870556451790958,7.900982466103529,8251.457448440917,2.814495980836729,-67.73660342318752,2.3700709943768965,2.576023409947763,6,16,12.87666105767639,-6.006104605885432,-6.870556451790958,0,1,1,-0.9985899050413953,-0.7931696881680913
UGC06930,RESPONSE_FAMILY_WITH_NFW_COMPETITIVE_ZONE,2.25,0.1553195714504805,0.753102994308296,108.0,109.0,0.1871280919864963,0.3932738768861455,10,-1.505427815875871,-13.19340197432956,5.215175749496632,7935.807012529934,2.787532559781136,-7.636917052969652,0.4861608802369987,0.5649566526787204,15,41,14.698829790205432,-1.505427815875871,-13.19340197432956,0,1,1,-1.5435634424858533,-0.3721331189383998
UGC06973,PATHOLOGY_ARCHIVE_ZONE,12.0,0.4013152422413812,0.7326323167837412,178.0,180.0,0.0170999288961383,1.0869536359045575,9,-22.216620896981453,-122.95191860821912,819.4779325371054,493549.0011561975,23.55,10.110097320530826,24.511355476246536,26.01745715595064,11,23,145.16853950520056,-22.216620896981453,-122.95191860821912,1,1,0,0.05916135875629653,8.175790130315708
UGC06983,NUISANCE_SENSITIVE_ZONE,2.5,0.1361053060602256,0.8960652934593895,108.0,113.0,0.2357561581700059,0.3051034722222222,17,-4.173447969823828,-10.290310840523953,9.964234628635518,9115.252084392569,2.5640736597790346,-44.6079154803564,0.0220411097313704,0.678945282290222,10,35,14.46375881034778,-4.173447969823828,-10.290310840523953,1,1,1,-1.3362870797609874,-0.6462283261503597
UGC07089,MIXED_THREE_WAY_COMPETITIVE_ZONE,1.5,0.8160624109786319,0.8469794083617365,77.6,79.1,0.1332505721817238,0.4705017137846743,12,-5.41563840785712,-1.1325897851237663,9.461978593336177,4027.109949367192,4.11377531148767,-38.11556831441983,3.792335345800632,4.561683892552342,5,18,6.548228192980886,-5.41563840785712,-1.1325897851237663,0,1,1,-1.116848994537083,-1.0343744371027646
UGC07125,RESPONSE_FAMILY_WITH_NFW_COMPETITIVE_ZONE,2.25,0.2903660793291374,0.5223022782367821,65.25017241356531,65.6,0.3378378378378379,0.5372531493792843,13,-8.0269761875373,-788.3492010610172,8.692792327122257,2502.3153835870207,4.151446024888451,-31.290849620003016,1.261294841684804,1.5649051755046033,8,22,796.3761772485545,-8.0269761875373,-788.3492010610172,0,1,1,0.24632725683577267,-1.2981287461293332
UGC07151,RESPONSE_FAMILY_DOMINANT_ZONE,2.75,0.2395705460004976,0.533234364088133,74.0,76.2,0.1388457210105054,0.5449385865595324,11,-12.763156786647093,-27.459586926630656,8.836798657261166,3386.182032175709,1.2113621885421082,-44.80809109400015,-2.20951053606327,0.747545300708115,7,23,40.22274371327775,-12.763156786647093,-27.459586926630656,0,0,1,-1.286921372062123,-0.900780834794814
UGC07323,MIXED_THREE_WAY_COMPETITIVE_ZONE,1.5,0.771145939083473,0.6276773727215244,82.8,85.6,0.0459077926066851,0.6607498570561741,10,-7.057076456213263,-2.4107666575995443,10.371997724342702,4864.699831944239,3.0357172992681503,-43.81994961556964,4.082307127320703,4.793005232004759,5,16,9.467843113812808,-7.057076456213263,-2.4107666575995443,0,1,1,-1.1002415467548705,-0.7245482535748814
UGC07399,NUISANCE_SENSITIVE_ZONE,1.75,0.291353286061929,0.6707760531594743,103.0,106.0,0.2621766922791814,0.1524088038457913,10,-17.840852245409465,-60.66454851394015,25.19060775348276,7946.124512276623,1.0967033820785237,-133.99774689420067,17.599390548883843,18.76652881520511,3,7,78.50540075934961,-17.840852245409465,-60.66454851394015,1,1,1,-0.706386706510398,-1.7351017099003072
UGC07524,RESPONSE_FAMILY_DOMINANT_ZONE,1.75,0.3135420143107699,0.4987109485013919,79.9507661001444,83.8,0.254429464385582,0.3926402956763204,31,-30.311648908882816,-115.02812421192056,30.73832820117176,4644.735145312057,2.956482936935316,-490.1022276491038,18.67316199583836,19.51271460538624,3,6,145.3397731208034,-30.311648908882816,-115.02812421192056,0,1,1,-0.06047449142144855,-1.5260429507520885
UGC07577,PATHOLOGY_ARCHIVE_ZONE,4.25,15.686399215167883,3955.5099046640366,15.9,17.8,0.1989044879820171,0.927193149005182,9,0.0377556672275618,-49.87989429118696,4.517804922188666,5226.47353165872,5.07,0.4943823154241435,0.0456122484305661,0.0472729295575087,41,41,49.87989429118696,0.0377556672275618,-49.87989429118696,1,1,0,-3.7340882040000944,4.164648986593179
UGC07603,RESPONSE_FAMILY_DOMINANT_ZONE,2.5,0.3473577448057511,0.8261887747208981,63.0,64.0,0.2690041200877587,0.1943062988158226,12,-15.146193731450955,-30.80067195113357,6.899608981535129,3394.8049527366134,1.2022264766620612,-208.14785260492567,1.1332017257554732,1.955611579583364,7,17,45.94686568258452,-15.146193731450955,-30.80067195113357,0,1,1,-1.0508993095534505,-1.7704669392377685
UGC07608,MIXED_THREE_WAY_COMPETITIVE_ZONE,2.25,0.4398733892228451,0.823054399049418,66.0,69.3,0.4120872740514944,0.1654315197428834,8,-2.368427867609194,0.5418003168328154,5.105947506351235,3787.232807508991,1.8858679458382064,-16.558738356277388,0.6662186692687557,0.7488889349483312,14,39,2.368427867609194,-2.368427867609194,0.5418003168328154,0,1,1,-1.7165180984070894,-1.4799119017260414
UGC08286,NUISANCE_SENSITIVE_ZONE,2.25,0.1535164244385278,0.8784068199465662,83.5,84.3,0.1844248372604478,0.2105602065330416,17,-22.74282534697728,-32.97328559691554,25.401216416439905,5563.656832756115,1.3777751402338965,-225.1286380317937,12.599909618168438,12.889015183901527,3,6,55.716110943892815,-22.74282534697728,-32.97328559691554,1,1,1,-0.6500697669879214,-1.6477845337214618
UGC08490,RESPONSE_FAMILY_DOMINANT_ZONE,1.5,0.2523586956216306,0.7743851096862977,77.75014469439913,80.1,0.3698138427351224,0.1714426678863903,30,-11.78433075756348,-11.699256177976228,22.09935298214661,5227.839259777744,0.9956052101599402,-68.23034402180897,14.778237952738248,14.329126140805233,4,8,23.483586935539705,-11.78433075756348,-11.699256177976228,0,1,1,-0.6057988871485421,-2.106902443181286
UGC08550,NUISANCE_SENSITIVE_ZONE,1.5,0.4754779836786927,0.7869391832887055,57.5,57.8,0.2321282205554838,0.2179274102079395,11,-14.29781603755098,-20.48507339847569,20.371305869094105,2440.9312770554056,0.8798262744779028,-35.7275560283331,11.285493667492007,12.411122657117437,4,10,34.78288943602667,-14.29781603755098,-20.48507339847569,1,1,1,-1.044233035070391,-2.0078066848249563
UGC08699,RESPONSE_FAMILY_DOMINANT_ZONE,1.0,0.3201496287129105,0.5618551305245786,182.0,202.0,0.0166714132798353,0.5148080304311073,41,-41.63063915678056,-48.22978766745116,110.36196500510164,19255.26946852409,2.3190402536585824,-311.3401085756078,71.83370513632173,71.86931416660545,1,3,89.86042682423172,-41.63063915678056,-48.22978766745116,0,1,1,0.6356996452064395,-0.12919248349830237
UGC08837,RESPONSE_FAMILY_DOMINANT_ZONE,2.75,0.8742632018176828,1.107229068460373,46.6,48.0,0.2465833619672545,0.5195778610768297,8,-19.89496369732969,-53.28120961106248,5.761786851222767,2263.895352602065,3.345911148564107,-23.518335257861523,-0.4719339685304078,0.3375274476570009,11,34,73.17617330839217,-19.89496369732969,-53.28120961106248,0,0,1,-1.5733085473731543,-0.9088309524221713
UGC09037,RESPONSE_FAMILY_WITH_NFW_COMPETITIVE_ZONE,4.25,0.1949587950478067,0.7387297769096364,153.00326793895613,160.0,0.1505548505957789,0.6697970183682188,22,-1.150286080068252,-11.005173183106995,101.06109869891532,17178.040640800053,13.82882565131004,-107.1486336535239,2.348397821735219,2.414126486033595,8,21,12.155459263175247,-1.150286080068252,-11.005173183106995,0,1,1,-0.669750982979418,1.0645547332213192
UGC09133,RESPONSE_FAMILY_DOMINANT_ZONE,3.5,0.0623068613619077,0.786587774810401,228.0,289.0,0.0093244541804845,0.365938415666359,68,-88.77901184794234,-1675.1397860196455,279.4851440063043,40202.68027440214,7.632958469016252,-1189.7752664637346,-8.175545186446755,0.906251631605187,3,6,1763.9187978675875,-88.77901184794234,-1675.1397860196455,0,0,1,4.663783660394002,1.2071599240050737
UGC11455,RESPONSE_FAMILY_DOMINANT_ZONE,2.5,0.165639968436716,0.7055079565871091,272.0,291.0,0.0049736489617406,0.8126198759191177,36,-82.97769010465677,-72.91735481374951,128.3490632443879,41565.55742551837,10.421883442699809,-314.2959022179833,4.596169432207773,8.02073797761527,3,7,155.89504491840628,-82.97769010465677,-72.91735481374951,0,1,1,0.7495646588936072,1.976039141886846
UGC11557,PATHOLOGY_ARCHIVE_ZONE,12.0,0.3135081201278987,0.8169710538255515,81.6,85.0,0.0151615207927254,1.3301757286860825,12,-9.485161252740102,-8.923992936976799,29.6207051785545,3311.5746971749086,7.308364713365162,2.2321853586581746,0.8205761522583792,0.9964993736374126,34,38,18.4091541897169,-9.485161252740102,-8.923992936976799,1,1,0,-2.223182985647733,3.9886197215461348
UGC11820,NUISANCE_SENSITIVE_ZONE,1.0,0.42844569741116,0.7479051598313652,81.25,84.45,0.1542337505775448,0.244646233372781,10,-17.57054959349542,-876.6989069537154,62.86953109498173,5214.5142057292105,5.140031936496754,-179.12424239021522,51.96040617522969,51.93788166356151,2,3,894.2694565472109,-17.57054959349542,-876.6989069537154,1,1,1,1.1279142091606722,-1.6556757419363999
UGC11914,PATHOLOGY_ARCHIVE_ZONE,0.5,2.6104513273125383,12.398333663955134,284.0,305.0,0.0002200119684126,1.1001905599087485,65,-165.14386011640465,-306.67291740399025,284.69645235175426,31960.717644114047,0.837791898451055,-198.1999129208166,88.83213648027271,130.96321711416098,1,1,471.8167775203949,-165.14386011640465,-306.67291740399025,1,1,1,2.32234929571041,1.7301167336548409
UGC12506,HALO_COMPARATOR_DOMINANT_ZONE,1.25,0.5588138382398594,0.4207338902587236,231.50485956022607,255.0,0.1186750773341874,0.3919813441677785,31,18.1340142828735,-52.08236443803299,18.614513431657382,42228.45731103607,3.16873315987255,-25.96460047638913,7.209057519045755,6.398611543138635,5,18,52.08236443803299,18.1340142828735,-52.08236443803299,0,1,1,-0.2962774224287214,0.527958228917864
UGC12632,NUISANCE_SENSITIVE_ZONE,2.0,0.2790514196762241,0.5257935739194929,73.05001711156541,73.2,0.2285957538576277,0.3061159266571158,15,-3.896593420763652,-91.71973413655462,7.839577953094866,3938.353161301627,2.431397779319403,-92.12141493652726,3.080977928346857,3.079723021313716,6,18,95.61632755731829,-3.896593420763652,-91.71973413655462,1,1,1,-0.994588413880883,-1.4273775891842748
UGC12732,NUISANCE_SENSITIVE_ZONE,1.25,0.3909351694997896,0.6794584423461238,93.17963833370464,98.0,0.3056730110039505,0.250601195861304,16,-17.678028655656757,-71.42095534943749,39.85717166436257,5930.224649591072,2.940198316418664,-185.9056559792876,33.12916389700352,33.13680461277227,2,5,89.09898400509425,-17.678028655656757,-71.42095534943749,1,1,1,-0.4837808732184683,-1.747082871623721
UGCA442,NUISANCE_SENSITIVE_ZONE,1.75,0.4057639903245413,0.8824432380503147,56.5,57.8,0.7104378330876915,0.1553056621505208,8,-11.84606598940119,-31.189718502770567,18.77388689106835,2917.8865000694605,2.28068790112428,-138.60554167602697,10.931025679724256,11.763707090800104,3,9,43.03578449217176,-11.84606598940119,-31.189718502770567,1,1,1,-1.104194297457115,-2.7796525689481277
UGCA444,NUISANCE_SENSITIVE_ZONE,1.25,0.3128539025927373,0.5859906694306868,35.6,38.3,0.895069351032576,0.2152550972099481,36,1.864855447144956,-58.65216688672729,21.484600299505505,776.952176672063,0.8355662430474063,-77.87148820108928,15.333107933812054,15.410957533018452,2,7,58.65216688672729,1.864855447144956,-58.65216688672729,1,1,1,-0.7435838046806651,-3.314816718608222
