galaxy,zone,rotmod_points,Rlast_kpc,winning_comparator,winning_comparator_family,winning_aic,params_json,rss
CamB,PATHOLOGY_ARCHIVE_ZONE,9,1.79,OVERFLEX_POLY5_NULL,OVERFLEX_NULL,-21.9105344300797,"{""coef"": [-0.08709885666600417, 2.001756796263452, -19.79103060375061, 48.68963728068268, -47.48251834101263, 16.99773290759565], ""degree"": 5}",0.0017531888926713736
D631-7,RESPONSE_FAMILY_DOMINANT_ZONE,16,7.19,OVERFLEX_POLY5_NULL,OVERFLEX_NULL,-62.2933528785847,"{""coef"": [0.02494713578276848, -1.2654659837102558, 7.258303995888417, -8.706039973309245, 5.813976282469829, -2.293252970055908], ""degree"": 5}",0.0013168137029546969
DDO064,MIXED_THREE_WAY_COMPETITIVE_ZONE,14,2.98,OVERFLEX_POLY5_NULL,OVERFLEX_NULL,-42.47510672125889,"{""coef"": [-0.06422586315913396, 3.2491202454864347, -27.00993233391626, 90.98187533469518, -115.61254805729155, 49.10727536477571], ""degree"": 5}",0.008641638963552372
DDO154,RESPONSE_FAMILY_DOMINANT_ZONE,12,5.92,OVERFLEX_POLY5_NULL,OVERFLEX_NULL,-38.53976380152537,"{""coef"": [0.03536064816684577, -1.336747477639933, 14.58359010041988, -31.31639521195183, 29.43111997225403, -10.630298289484665], ""degree"": 5}",0.00044485075023355735
DDO161,RESPONSE_FAMILY_DOMINANT_ZONE,31,13.37,SN_RRF_SATURATING_FAMILY,SN_RRF_FAMILY,-75.47539740654729,"{""amplitude"": 0.7534963559647571, ""n"": 3.0, ""scale"": 0.5}",0.007594405348391407
DDO168,RESPONSE_FAMILY_DOMINANT_ZONE,10,4.12,OVERFLEX_POLY5_NULL,OVERFLEX_NULL,-3.721092733536535,"{""coef"": [0.03146620978081077, 0.24437591693415028, -6.51463372984064, 31.680764590190233, -41.752728619161005, 16.95844997349331], ""degree"": 5}",0.007285019010048563
DDO170,RESPONSE_FAMILY_WITH_NFW_COMPETITIVE_ZONE,8,12.33,OVERFLEX_POLY5_NULL,OVERFLEX_NULL,-12.435396369633661,"{""coef"": [-0.09811577874180628, 0.18341861868954557, 10.743812897548532, -28.273765910892, 27.076522285248686, -8.851015449648003], ""degree"": 5}",0.000942996910452712
ESO079-G014,RESPONSE_FAMILY_DOMINANT_ZONE,15,16.67,OVERFLEX_POLY5_NULL,OVERFLEX_NULL,-15.917161425109907,"{""coef"": [0.10531957936992468, -3.3757491281821492, 22.62682169369515, -48.943254712184014, 44.972835490755266, -14.921567808201397], ""degree"": 5}",0.006358849714264219
ESO116-G012,RESPONSE_FAMILY_DOMINANT_ZONE,15,9.86,SN_RRF_LOCKED_N3_258993,SN_RRF_FAMILY,-20.29998557845091,"{""amplitude"": 0.6941510457967993, ""scale"": 0.4}",0.010533557780264855
ESO563-G021,RESPONSE_FAMILY_DOMINANT_ZONE,30,42.41,OVERFLEX_POLY5_NULL,OVERFLEX_NULL,-10.479268004049004,"{""coef"": [-0.14289610425120916, 1.65549439347649, 1.710439685492767, -18.368902749832923, 30.05204964020489, -14.356898799906427], ""degree"": 5}",0.04461248147561502
F563-1,NUISANCE_SENSITIVE_ZONE,17,20.1,SN_RRF_LOCKED_N3_258993,SN_RRF_FAMILY,-20.57149429410031,"{""amplitude"": 0.7710956172933202, ""scale"": 0.15}",0.1424165415900837
F563-V2,NUISANCE_SENSITIVE_ZONE,10,10.47,SN_RRF_SATURATING_FAMILY,SN_RRF_FAMILY,-33.597574566790456,"{""amplitude"": 0.7917069528204832, ""n"": 3.0, ""scale"": 0.2}",0.003929870989549871
F568-1,MIXED_THREE_WAY_COMPETITIVE_ZONE,12,13.23,OVERFLEX_POLY5_NULL,OVERFLEX_NULL,-57.77328047083573,"{""coef"": [0.0343565943675364, -1.5857059882555038, 23.956666871218086, -65.53778973137307, 70.61071230324193, -26.714533479714465], ""degree"": 5}",0.00039015831766533825
F568-3,RESPONSE_FAMILY_DOMINANT_ZONE,18,17.98,OVERFLEX_POLY5_NULL,OVERFLEX_NULL,-53.01285853874441,"{""coef"": [0.04894218005373059, -2.3505783317980407, 28.40489248264624, -81.33997597669824, 91.83802257327712, -35.88030279161047], ""degree"": 5}",0.0059794315254509504
F568-V1,MIXED_THREE_WAY_COMPETITIVE_ZONE,15,17.63,OVERFLEX_POLY5_NULL,OVERFLEX_NULL,-48.78880093596625,"{""coef"": [-0.03780703770827399, 1.902149068340262, 13.136635514237303, -57.36630156719715, 75.15968997752734, -31.96614050085393], ""degree"": 5}",0.005259668515355087
F571-8,RESPONSE_FAMILY_DOMINANT_ZONE,13,15.55,OVERFLEX_POLY5_NULL,OVERFLEX_NULL,-16.853443897120492,"{""coef"": [0.07237409826023089, -10.119007632836185, 66.42948682326725, -147.9002014756093, 144.31638737629427, -51.953513027727084], ""degree"": 5}",0.00421472620467165
F574-1,RESPONSE_FAMILY_DOMINANT_ZONE,14,12.6,SN_RRF_SATURATING_FAMILY,SN_RRF_FAMILY,-39.08675176241914,"{""amplitude"": 0.6590069180066317, ""n"": 3.0, ""scale"": 0.25}",0.003413372256083612
F579-V1,RESPONSE_FAMILY_WITH_NFW_COMPETITIVE_ZONE,14,15.16,OVERFLEX_POLY5_NULL,OVERFLEX_NULL,-59.930090385864446,"{""coef"": [-0.12591710487086288, 8.494376224380325, -39.135472816555755, 80.16262823619272, -74.83488119814174, 26.04634104243748], ""degree"": 5}",0.0025107538708010737
F583-1,RESPONSE_FAMILY_DOMINANT_ZONE,25,16.26,SN_RRF_SATURATING_FAMILY,SN_RRF_FAMILY,-62.46525171833842,"{""amplitude"": 0.793342122735833, ""n"": 2.25, ""scale"": 0.25}",0.011629976275302642
F583-4,PATHOLOGY_ARCHIVE_ZONE,12,7.29,NUISANCE_GRADIENT_PROXY,NUISANCE_PROXY,-24.78865383632134,"{""intercept"": 0.0034189365076294827, ""slope"": 0.6139311053558372}",0.010815247146980986
IC2574,RESPONSE_FAMILY_DOMINANT_ZONE,34,10.23,OVERFLEX_POLY5_NULL,OVERFLEX_NULL,-54.699454785681354,"{""coef"": [0.02754376454047464, -1.1134830104892217, 11.007925758530686, -31.10818124346583, 38.44594092327487, -16.62638162904319], ""degree"": 5}",0.0750637348590202
IC4202,RESPONSE_FAMILY_DOMINANT_ZONE,32,25.9,OVERFLEX_POLY5_NULL,OVERFLEX_NULL,23.291416712036447,"{""coef"": [-0.5695624749995022, 5.149907130850066, -14.670607644904226, 15.757133229296807, -3.094491088756929, -2.247179165219613], ""degree"": 5}",0.12864897895142308
KK98-251,RESPONSE_FAMILY_DOMINANT_ZONE,15,3.13,OVERFLEX_POLY5_NULL,OVERFLEX_NULL,-25.894196939389303,"{""coef"": [-0.14078680098497534, 2.692940602648255, -15.083526637646434, 39.401388252136506, -40.88897809779921, 14.609272153238278], ""degree"": 5}",0.009353948725097464
NGC0024,RESPONSE_FAMILY_WITH_NFW_COMPETITIVE_ZONE,29,11.27,OVERFLEX_POLY5_NULL,OVERFLEX_NULL,-57.30935496212577,"{""coef"": [-0.11763796539614312, 5.553112960766771, -18.350500367569197, 28.386578726804508, -19.390635714996705, 4.752077482725994], ""degree"": 5}",0.02578406569593816
NGC0055,RESPONSE_FAMILY_DOMINANT_ZONE,21,13.5,OVERFLEX_POLY5_NULL,OVERFLEX_NULL,-48.998280372424546,"{""coef"": [0.10642866230737952, -2.415974276762698, 14.267504878521947, -23.27903259491805, 15.458165073087002, -3.5743045567286664], ""degree"": 5}",0.006069402368314374
NGC0100,RESPONSE_FAMILY_DOMINANT_ZONE,21,9.62,OVERFLEX_POLY5_NULL,OVERFLEX_NULL,-56.10758945620216,"{""coef"": [0.016807447438283763, -0.931064885505281, 6.261450903577863, -7.129265136094877, 1.4160080769261612, 1.1426098162694431], ""degree"": 5}",0.00647633964657191
NGC0247,NUISANCE_SENSITIVE_ZONE,26,14.54,OVERFLEX_POLY5_NULL,OVERFLEX_NULL,-89.74579944129135,"{""coef"": [-0.28026378249243145, 6.323495107543418, -29.592671625851075, 64.3026003410858, -61.84823193806517, 21.794735273731245], ""degree"": 5}",0.002784574765265208
NGC0289,RESPONSE_FAMILY_WITH_NFW_COMPETITIVE_ZONE,28,71.12,OVERFLEX_POLY5_NULL,OVERFLEX_NULL,9.046248459382982,"{""coef"": [-0.848762373767399, 11.557637324781833, -50.4714778503218, 112.05938198694366, -115.37865763561106, 43.63890660516175], ""degree"": 5}",0.49860070958762887
NGC0300,RESPONSE_FAMILY_DOMINANT_ZONE,25,11.8,OVERFLEX_POLY5_NULL,OVERFLEX_NULL,-29.77611305178681,"{""coef"": [0.06525312415703835, -1.8533418087003124, 21.221023340622725, -57.88825503553765, 65.38928942128962, -26.278573497901554], ""degree"": 5}",0.049466568527832155
NGC0801,PATHOLOGY_ARCHIVE_ZONE,13,59.82,NUISANCE_GRADIENT_PROXY,NUISANCE_PROXY,7.86392273452069,"{""intercept"": -0.3801343067167171, ""slope"": 0.6850782973464025}",0.04404067295087641
NGC0891,RESPONSE_FAMILY_DOMINANT_ZONE,18,17.11,OVERFLEX_POLY5_NULL,OVERFLEX_NULL,18.970164216064447,"{""coef"": [0.6723849907697277, -30.321812721380986, 148.16087259156652, -290.8276211266198, 257.8277859497647, -85.4960185834166], ""degree"": 5}",0.07770033153291818
NGC1003,RESPONSE_FAMILY_DOMINANT_ZONE,36,30.24,OVERFLEX_POLY5_NULL,OVERFLEX_NULL,4.23044501458769,"{""coef"": [-0.23694247055351975, 2.4479211716615557, -0.18312715516147315, -8.380541731048627, 13.536576440185073, -6.390002199596225], ""degree"": 5}",0.07833506839305504
NGC1090,HALO_COMPARATOR_DOMINANT_ZONE,24,30.09,NUISANCE_GRADIENT_PROXY,NUISANCE_PROXY,-1.3480837942378985,"{""intercept"": -0.17904265724617346, ""slope"": 0.5935998082332937}",0.05907779553240683
NGC1705,NUISANCE_SENSITIVE_ZONE,14,6.0,OVERFLEX_POLY5_NULL,OVERFLEX_NULL,-37.73274607539049,"{""coef"": [0.15138939076920258, 2.37269910720192, 0.07039646425058388, -11.562781593570284, 17.69987137031548, -7.902930307587039], ""degree"": 5}",0.010458638222245404
NGC2366,RESPONSE_FAMILY_DOMINANT_ZONE,26,6.06,OVERFLEX_POLY5_NULL,OVERFLEX_NULL,-45.87159854268536,"{""coef"": [0.04330193512811142, -1.8587978473542217, 13.116670555647064, -19.697193297676765, 9.847574008838434, -0.9302644536956298], ""degree"": 5}",0.015583138355214002
NGC2403,RESPONSE_FAMILY_DOMINANT_ZONE,73,20.87,OVERFLEX_POLY5_NULL,OVERFLEX_NULL,-37.66870096893659,"{""coef"": [0.07555237406539189, -3.8282816371127466, 32.92219094681041, -79.76440841062866, 81.3685225337694, -30.023308841575407], ""degree"": 5}",0.10475048049686735
NGC2683,RESPONSE_FAMILY_WITH_NFW_COMPETITIVE_ZONE,11,34.62,OVERFLEX_POLY5_NULL,OVERFLEX_NULL,6.836541053333514,"{""coef"": [-0.21551579325149375, -3.694803105762946, 33.48979394992819, -84.38676982909983, 87.00357725506976, -31.92858803873504], ""degree"": 5}",0.03899627671621798
NGC2841,RESPONSE_FAMILY_WITH_NFW_COMPETITIVE_ZONE,50,63.64,OVERFLEX_POLY5_NULL,OVERFLEX_NULL,-76.32763886789027,"{""coef"": [0.040255925135406934, 0.8613313574192162, 4.701563455772556, -17.658827556389003, 20.669223431885634, -7.963480327423592], ""degree"": 5}",0.034814042388697036
NGC2903,HALO_COMPARATOR_DOMINANT_ZONE,34,24.96,BARYONIC_MISMATCH_PROXY,BARYONIC_SYSTEMATICS_PROXY,61.2751592613153,"{""gas_coef"": 21.449554419404645, ""stellar_coef"": -0.5463254767937159}",0.48317042916783565
NGC2915,RESPONSE_FAMILY_DOMINANT_ZONE,30,10.04,OVERFLEX_POLY5_NULL,OVERFLEX_NULL,-51.10356768866185,"{""coef"": [-0.30388813681363475, 0.4751841710093152, 29.300569790236292, -94.96833811409154, 107.74035129290837, -41.376953683199076], ""degree"": 5}",0.10068387915942885
NGC2955,RESPONSE_FAMILY_WITH_NFW_COMPETITIVE_ZONE,24,35.43,OVERFLEX_POLY5_NULL,OVERFLEX_NULL,13.260003164666784,"{""coef"": [0.19810746125570075, -10.046123192603666, 46.75272004572757, -81.87356551457803, 63.03010684920534, -17.979919276738954], ""degree"": 5}",0.08508229111878077
NGC2976,RESPONSE_FAMILY_DOMINANT_ZONE,27,2.27,OVERFLEX_POLY5_NULL,OVERFLEX_NULL,-37.910878246687076,"{""coef"": [0.008614393141151165, -0.5520247387729819, 3.5035629036958778, -8.914907546299636, 8.91541855079551, -2.7910241656063244], ""degree"": 5}",0.020593894077282397
NGC2998,RESPONSE_FAMILY_DOMINANT_ZONE,13,42.28,OVERFLEX_POLY5_NULL,OVERFLEX_NULL,-6.3694752180592324,"{""coef"": [0.2025168988112718, -3.109823408825283, 10.759693157725472, -10.634712636448903, 2.7380873785430286, 0.4884860902744652], ""degree"": 5}",0.031284251336210524
NGC3109,NUISANCE_SENSITIVE_ZONE,25,6.45,OVERFLEX_POLY5_NULL,OVERFLEX_NULL,-74.49007371167858,"{""coef"": [0.03875366220123709, -1.0292509824182128, 10.26495137732455, -22.071746121905633, 21.85127229668228, -8.182799500848173], ""degree"": 5}",0.004827882063878697
NGC3198,RESPONSE_FAMILY_DOMINANT_ZONE,43,44.08,OVERFLEX_POLY5_NULL,OVERFLEX_NULL,-9.777907338046802,"{""coef"": [-0.09275940892304216, 0.0007986607331932349, 11.698556695900503, -31.562047311666486, 31.865241376907466, -11.25007979382477], ""degree"": 5}",0.07540859240299949
NGC3521,RESPONSE_FAMILY_DOMINANT_ZONE,41,17.74,OVERFLEX_POLY5_NULL,OVERFLEX_NULL,-62.371975725246216,"{""coef"": [-0.185805785888286, -5.7240998330301975, 21.657903670785714, -21.20134399578319, 1.2740625268011874, 4.588725723307246], ""degree"": 5}",0.07709797716902324
NGC3726,RESPONSE_FAMILY_WITH_NFW_COMPETITIVE_ZONE,12,32.52,OVERFLEX_POLY5_NULL,OVERFLEX_NULL,4.112527835780481,"{""coef"": [0.15749747678993237, -8.469747797127024, 47.285099587698085, -108.89291382882315, 115.9501445445591, -45.54699641063775], ""degree"": 5}",0.03176671575737814
NGC3741,NUISANCE_SENSITIVE_ZONE,21,7.0,OVERFLEX_POLY5_NULL,OVERFLEX_NULL,-25.9866711505718,"{""coef"": [-0.05514452569863334, 2.1269572881405705, -6.442699581596125, 18.08856597974519, -21.47918393745246, 8.689413973165745], ""degree"": 5}",0.011474152297933428
NGC3769,MIXED_THREE_WAY_COMPETITIVE_ZONE,12,37.16,BARYONIC_MISMATCH_PROXY,BARYONIC_SYSTEMATICS_PROXY,-6.850288843088439,"{""gas_coef"": 8.669151642831133, ""stellar_coef"": -0.6592916366943984}",0.10080248947691213
NGC3877,PATHOLOGY_ARCHIVE_ZONE,13,11.35,OVERFLEX_POLY5_NULL,OVERFLEX_NULL,-2.641664463861641,"{""coef"": [-0.2248366333431731, -3.7006042272965103, 40.52740648346355, -118.25817621243296, 130.65441248972172, -49.31093079855139], ""degree"": 5}",0.014921686816282979
NGC3893,MIXED_THREE_WAY_COMPETITIVE_ZONE,10,19.05,OVERFLEX_POLY5_NULL,OVERFLEX_NULL,-23.086827909421437,"{""coef"": [-0.6240468915790938, 0.26930020449857595, 9.41168040978118, -23.109387501439098, 22.514254588460812, -8.154133558279858], ""degree"": 5}",0.0013660218635681146
NGC3917,RESPONSE_FAMILY_DOMINANT_ZONE,17,14.86,OVERFLEX_POLY5_NULL,OVERFLEX_NULL,-10.015242901422749,"{""coef"": [-0.20053596379875438, 2.9354381766575957, -8.26038438600195, 12.494875466673252, -9.23967868678461, 2.8024068490680953], ""degree"": 5}",0.011979919958208287
NGC3953,RESPONSE_FAMILY_WITH_NFW_COMPETITIVE_ZONE,8,15.68,OVERFLEX_POLY5_NULL,OVERFLEX_NULL,-18.245500820279773,"{""coef"": [0.21270488979428712, -6.48731086774255, 35.87556156281608, -82.77319451676468, 83.05266739938433, -29.94302168357514], ""degree"": 5}",0.0005027230386659444
NGC3972,MIXED_THREE_WAY_COMPETITIVE_ZONE,10,8.72,OVERFLEX_POLY5_NULL,OVERFLEX_NULL,-10.01902753116196,"{""coef"": [-0.037443599931829705, -1.2020969225556777, 16.284958994692158, -48.02698858190869, 54.91879196605592, -21.460631929550008], ""degree"": 5}",0.0036922292978222504
NGC3992,RESPONSE_FAMILY_WITH_NFW_COMPETITIVE_ZONE,9,46.02,OVERFLEX_POLY5_NULL,OVERFLEX_NULL,-7.145997398438901,"{""coef"": [1.9790485143439105, -19.404394848731638, 74.13176839174145, -129.45232025242834, 106.91077574634443, -33.74243790069149], ""degree"": 5}",0.002681053143898146
NGC4010,UNRESOLVED_TRIANGULAR_ZONE,12,10.47,OVERFLEX_POLY5_NULL,OVERFLEX_NULL,-21.473672527756648,"{""coef"": [0.09652416165194781, -0.08187816333279023, -12.257995156552587, 48.21834779194864, -59.163019320169816, 23.525810419293798], ""degree"": 5}",0.003086103105136584
NGC4013,RESPONSE_FAMILY_DOMINANT_ZONE,36,31.01,OVERFLEX_POLY5_NULL,OVERFLEX_NULL,-9.61486468025102,"{""coef"": [1.7993589495061006, -26.148276491434395, 114.18324489155518, -218.1508078087202, 194.78711640782086, -66.07710688907207], ""degree"": 5}",0.06627728501843538
NGC4088,MIXED_THREE_WAY_COMPETITIVE_ZONE,12,21.48,BARYONIC_MISMATCH_PROXY,BARYONIC_SYSTEMATICS_PROXY,10.387037880296244,"{""gas_coef"": 4.1989729865234295, ""stellar_coef"": -0.601980187344188}",0.12638350297895035
NGC4100,HALO_COMPARATOR_DOMINANT_ZONE,24,22.76,SN_RRF_SATURATING_FAMILY,SN_RRF_FAMILY,12.376799760595887,"{""amplitude"": 0.3341284297873926, ""n"": 8.0, ""scale"": 0.5}",0.09701293838946919
NGC4157,NUISANCE_SENSITIVE_ZONE,17,29.61,OVERFLEX_POLY5_NULL,OVERFLEX_NULL,-8.00661874961105,"{""coef"": [0.09494086704331056, -9.108930874176345, 37.83427762193945, -58.96514067220293, 41.9102654116666, -11.352822799440201], ""degree"": 5}",0.02818996603344127
NGC4183,RESPONSE_FAMILY_WITH_NFW_COMPETITIVE_ZONE,23,21.02,OVERFLEX_POLY5_NULL,OVERFLEX_NULL,-57.23774653728627,"{""coef"": [-0.08222861541484061, 3.4477881092974116, -9.906943618314404, 13.726071154581518, -8.107473841243621, 1.5790552065293635], ""degree"": 5}",0.007956902501320234
NGC4214,RESPONSE_FAMILY_DOMINANT_ZONE,14,5.63,OVERFLEX_POLY5_NULL,OVERFLEX_NULL,-44.075283784760245,"{""coef"": [0.5240455096371265, -6.6364650072711875, 35.42899100551606, -66.44030518981205, 54.5230523301885, -16.563273938086663], ""degree"": 5}",0.00317372419253704
NGC4217,PATHOLOGY_ARCHIVE_ZONE,19,16.72,OVERFLEX_POLY5_NULL,OVERFLEX_NULL,2.3991330267071937,"{""coef"": [0.42855700953543846, -24.98654811108376, 117.17953686456671, -215.48288682301057, 179.00371560537883, -55.96169890081711], ""degree"": 5}",0.0435986908119054
NGC4559,RESPONSE_FAMILY_DOMINANT_ZONE,32,20.97,OVERFLEX_POLY5_NULL,OVERFLEX_NULL,-84.10964990479015,"{""coef"": [-0.04829245663502222, -1.3550447126170346, 1.9310938421305142, 13.262655063753291, -25.064648279190106, 11.764372704843856], ""degree"": 5}",0.008652176145136088
NGC5005,MIXED_THREE_WAY_COMPETITIVE_ZONE,18,11.47,OVERFLEX_POLY5_NULL,OVERFLEX_NULL,-29.448662150483173,"{""coef"": [-0.35414546180000217, -3.728634639467329, 19.320962491396187, -39.6286687238914, 36.88389147478131, -12.579134669642507], ""degree"": 5}",0.055591998700283224
NGC5033,HALO_COMPARATOR_DOMINANT_ZONE,22,44.59,OVERFLEX_POLY5_NULL,OVERFLEX_NULL,1.7658070134657695,"{""coef"": [-1.3185793578589788, 10.605040270619806, -27.223234866403317, 39.52771942888507, -32.22527753382491, 11.150235131357938], ""degree"": 5}",0.11812989612751787
NGC5055,RESPONSE_FAMILY_DOMINANT_ZONE,28,54.59,OVERFLEX_POLY5_NULL,OVERFLEX_NULL,0.0191950275353463,"{""coef"": [-0.7105677182759711, -5.929356920219071, 56.240285157223, -138.93793063883993, 141.00794018413183, -51.33630238497757], ""degree"": 5}",0.07812175947744206
NGC5371,PATHOLOGY_ARCHIVE_ZONE,19,46.24,OVERFLEX_POLY5_NULL,OVERFLEX_NULL,-4.156743890091384,"{""coef"": [-0.23459884380859902, 3.039138637599591, -31.506698614414205, 85.53707691027348, -89.42756764340862, 32.77523046847805], ""degree"": 5}",0.020686131320083245
NGC5585,RESPONSE_FAMILY_DOMINANT_ZONE,24,10.96,OVERFLEX_POLY5_NULL,OVERFLEX_NULL,-23.729290175946446,"{""coef"": [0.03102550302494771, -2.642329487111836, 18.369260128241518, -35.4889652883867, 30.485628448960085, -10.101835080532183], ""degree"": 5}",0.017877640945754423
NGC5907,RESPONSE_FAMILY_WITH_NFW_COMPETITIVE_ZONE,19,50.33,OVERFLEX_POLY5_NULL,OVERFLEX_NULL,-18.97569928338386,"{""coef"": [1.0217516103373658, -11.717653364293664, 48.835716595140475, -89.10669281812409, 76.27149283613184, -24.83210427097762], ""degree"": 5}",0.00959959445313718
NGC5985,RESPONSE_FAMILY_DOMINANT_ZONE,33,34.72,OVERFLEX_POLY5_NULL,OVERFLEX_NULL,-48.66092851491235,"{""coef"": [-0.659298220618117, 13.417310811411543, -56.28371392895947, 103.61433228902658, -86.41676865254273, 26.809191108153975], ""degree"": 5}",0.015152840483227266
NGC6015,RESPONSE_FAMILY_DOMINANT_ZONE,44,29.23,OVERFLEX_POLY5_NULL,OVERFLEX_NULL,-6.1185973112274965,"{""coef"": [0.014791214817750632, 2.1163889319448472, -19.4471117811648, 66.17006444010865, -82.12591273305672, 33.925620883316746], ""degree"": 5}",0.08264347112105293
NGC6195,RESPONSE_FAMILY_DOMINANT_ZONE,23,36.43,OVERFLEX_POLY5_NULL,OVERFLEX_NULL,9.31868662677406,"{""coef"": [-0.1907334582876321, -2.7457970498976603, 11.607099412026956, -22.452506765062402, 22.764192705036855, -8.84832362170791], ""degree"": 5}",0.07035949953675837
NGC6503,RESPONSE_FAMILY_DOMINANT_ZONE,31,23.5,OVERFLEX_POLY5_NULL,OVERFLEX_NULL,38.19497499925912,"{""coef"": [-0.4403601735085836, -0.4990163054634028, 26.2390279333575, -75.71777729275877, 82.11647802321548, -31.060169641384544], ""degree"": 5}",0.37357893273593773
NGC6674,PATHOLOGY_ARCHIVE_ZONE,15,72.41,OVERFLEX_POLY5_NULL,OVERFLEX_NULL,-23.493981525877132,"{""coef"": [0.2729672764559625, -0.16960741786240663, 1.5832278489655496, -4.401445020239536, 6.136315843173004, -2.911807712321658], ""degree"": 5}",0.08802022149507613
NGC6946,RESPONSE_FAMILY_WITH_NFW_COMPETITIVE_ZONE,58,20.4,OVERFLEX_POLY5_NULL,OVERFLEX_NULL,22.02803119554448,"{""coef"": [-0.5969096626924372, 4.492937312692385, -31.152915294683954, 90.30519880107154, -105.40316551171479, 42.77769507700049], ""degree"": 5}",0.3266490034799453
NGC7331,NUISANCE_SENSITIVE_ZONE,36,36.31,OVERFLEX_POLY5_NULL,OVERFLEX_NULL,6.152531133664323,"{""coef"": [-1.467071249833995, -0.8216999968490143, 31.09816835253188, -84.66885618672053, 89.85147013445014, -33.69807144883712], ""degree"": 5}",0.18677123526203204
NGC7793,RESPONSE_FAMILY_DOMINANT_ZONE,46,7.87,OVERFLEX_POLY5_NULL,OVERFLEX_NULL,-86.48363651008474,"{""coef"": [-0.0649410501829435, 1.7346526759353296, -18.955337574402748, 65.82280791531585, -81.76359525869256, 33.45576635496839], ""degree"": 5}",0.05689451811603637
NGC7814,NUISANCE_SENSITIVE_ZONE,18,19.53,OVERFLEX_POLY5_NULL,OVERFLEX_NULL,-61.03861775324559,"{""coef"": [-0.8388202926288614, 4.38435301940488, -5.144036225453315, -1.4443001202260735, 6.937238232245036, -3.4951066231073264], ""degree"": 5}",0.001187651942726943
UGC00128,NUISANCE_SENSITIVE_ZONE,22,53.75,SN_RRF_SATURATING_FAMILY,SN_RRF_FAMILY,-13.405521666279082,"{""amplitude"": 0.7910244528084225, ""n"": 1.5, ""scale"": 0.15}",0.025799018476720274
UGC00191,RESPONSE_FAMILY_WITH_NFW_COMPETITIVE_ZONE,9,9.98,OVERFLEX_POLY5_NULL,OVERFLEX_NULL,-10.778513792399274,"{""coef"": [0.20640388246713898, -5.8023669486762826, 64.96594075357272, -198.90196708816174, 238.05437248121575, -97.82920691313417], ""degree"": 5}",0.0018515855483055633
UGC00731,NUISANCE_SENSITIVE_ZONE,12,10.91,OVERFLEX_POLY5_NULL,OVERFLEX_NULL,-39.579589666045266,"{""coef"": [-0.1384280147625843, 4.485080927425019, -14.213963406654647, 28.148024731609752, -27.75954723833451, 10.21593928975311], ""degree"": 5}",0.0005598562146861512
UGC01230,RESPONSE_FAMILY_WITH_NFW_COMPETITIVE_ZONE,11,36.54,SN_RRF_SATURATING_FAMILY,SN_RRF_FAMILY,-20.014082539223182,"{""amplitude"": 0.6437488123905217, ""n"": 4.0, ""scale"": 0.1}",0.03078292027334186
UGC01281,UNRESOLVED_TRIANGULAR_ZONE,25,4.99,OVERFLEX_POLY5_NULL,OVERFLEX_NULL,-111.55112058195503,"{""coef"": [0.008187940359663595, 0.04099639028664126, -0.14237916947366644, 10.820965526962912, -18.107949660128487, 8.150898956398215], ""degree"": 5}",0.002437664595559352
UGC02259,NUISANCE_SENSITIVE_ZONE,8,8.14,OVERFLEX_POLY5_NULL,OVERFLEX_NULL,-13.902067175786328,"{""coef"": [0.14510487706010983, 1.0510819828845372, 3.8624122683588036, -16.19503650857437, 19.60189774703269, -7.688266865330416], ""degree"": 5}",0.0007979407832471863
UGC02455,PATHOLOGY_ARCHIVE_ZONE,8,4.03,BARYONIC_MISMATCH_PROXY,BARYONIC_SYSTEMATICS_PROXY,-1.3988276667991215,"{""gas_coef"": 2.2780198613521945, ""stellar_coef"": -0.9300178275752444}",0.031858875560760905
UGC02487,RESPONSE_FAMILY_DOMINANT_ZONE,17,80.38,OVERFLEX_POLY5_NULL,OVERFLEX_NULL,-35.30150046894122,"{""coef"": [0.9206393359527859, -11.147114540953021, 58.469284218995654, -123.58145294009135, 115.42600668200772, -39.54569472437182], ""degree"": 5}",0.002862920192184225
UGC02885,RESPONSE_FAMILY_DOMINANT_ZONE,19,74.07,OVERFLEX_POLY5_NULL,OVERFLEX_NULL,4.499260645606808,"{""coef"": [0.0983456697499067, -4.342434110509908, 29.31018856969578, -67.14551304273931, 67.60344575524596, -24.96272358208558], ""degree"": 5}",0.04783925589993668
UGC02916,NUISANCE_SENSITIVE_ZONE,43,38.0,OVERFLEX_POLY5_NULL,OVERFLEX_NULL,63.30300531443396,"{""coef"": [-0.37587850025783603, -8.50175596069558, 83.23624593905699, -228.68401407259512, 251.17913953359766, -96.67570805872906], ""degree"": 5}",1.663674494481543
UGC02953,RESPONSE_FAMILY_DOMINANT_ZONE,115,62.39,OVERFLEX_POLY5_NULL,OVERFLEX_NULL,65.12254533759204,"{""coef"": [-0.2173725150380668, -1.8592062552046986, 25.291086336907174, -68.23245324608767, 72.99325427330038, -27.49618037968887], ""degree"": 5}",1.2513781957684018
UGC03205,RESPONSE_FAMILY_DOMINANT_ZONE,48,40.04,OVERFLEX_POLY5_NULL,OVERFLEX_NULL,47.009398489559686,"{""coef"": [-0.10675730898564381, 3.2839527191471976, -23.299401331407356, 69.99062513617832, -83.95024274161743, 34.74207614910563], ""degree"": 5}",0.3460610843307274
UGC03546,RESPONSE_FAMILY_DOMINANT_ZONE,30,29.23,OVERFLEX_POLY5_NULL,OVERFLEX_NULL,-42.393588140855094,"{""coef"": [-0.9479125647085471, 4.589137195616501, -7.427702599853675, 5.38900005222848, -1.0627656484940589, -0.2268346539842987], ""degree"": 5}",0.4491369731652399
UGC03580,HALO_COMPARATOR_DOMINANT_ZONE,47,27.06,OVERFLEX_POLY5_NULL,OVERFLEX_NULL,35.30952037414191,"{""coef"": [-0.581969806914124, 0.809255892445587, 18.123355056242218, -59.03422645235255, 70.10180063276145, -28.747108994899598], ""degree"": 5}",0.9489101784175796
UGC04278,RESPONSE_FAMILY_DOMINANT_ZONE,25,6.69,OVERFLEX_POLY5_NULL,OVERFLEX_NULL,-60.26098004140414,"{""coef"": [-0.014993915977394854, 0.5680830578010243, -0.9705367936825161, -0.7979817297939249, 7.489951477332047, -5.660289407108227], ""degree"": 5}",0.017108423915486445
UGC04305,RESPONSE_FAMILY_WITH_NFW_COMPETITIVE_ZONE,22,5.52,OVERFLEX_POLY5_NULL,OVERFLEX_NULL,-24.39334117709609,"{""coef"": [0.18496073552755746, -6.54125760861232, 55.48630921672044, -161.4352797231224, 185.02734059430819, -73.03699235467896], ""degree"": 5}",0.12027702324823117
UGC04325,RESPONSE_FAMILY_WITH_NFW_COMPETITIVE_ZONE,8,5.59,OVERFLEX_POLY5_NULL,OVERFLEX_NULL,-20.909452640235884,"{""coef"": [-0.08081459560860091, 0.6672195852280988, 14.206041790773574, -47.152790053859604, 53.712028235176014, -20.719095022016948], ""degree"": 5}",0.0005125571480662683
UGC04483,RESPONSE_FAMILY_WITH_NFW_COMPETITIVE_ZONE,8,1.21,OVERFLEX_POLY5_NULL,OVERFLEX_NULL,-15.142718025572655,"{""coef"": [0.3400579115707703, -7.724974842863185, 49.581440970996795, -115.34216619877682, 116.8789753683794, -43.089378489528094], ""degree"": 5}",0.0036040765828976476
UGC04499,RESPONSE_FAMILY_WITH_NFW_COMPETITIVE_ZONE,9,8.18,OVERFLEX_POLY5_NULL,OVERFLEX_NULL,-11.692268252330145,"{""coef"": [-0.39647709775000795, 4.280765600465534, -12.018897633158534, 20.627674896109603, -17.259008450653212, 5.37446053916756], ""degree"": 5}",0.0025083829257426266
UGC05005,MIXED_THREE_WAY_COMPETITIVE_ZONE,11,28.61,OVERFLEX_POLY5_NULL,OVERFLEX_NULL,-64.18954637986141,"{""coef"": [0.001598664104893286, -0.4270977557772702, 7.57602728190872, -11.783571446159677, 6.471810981033243, -1.0754540323021031], ""degree"": 5}",0.00010854506523562364
UGC05253,RESPONSE_FAMILY_DOMINANT_ZONE,73,53.29,OVERFLEX_POLY5_NULL,OVERFLEX_NULL,-30.238022188235952,"{""coef"": [-0.3459799247956883, -1.561063560820056, 29.34360248445711, -80.67558865669616, 84.18822246008156, -30.468855050720883], ""degree"": 5}",1.014410519868728
UGC05716,NUISANCE_SENSITIVE_ZONE,12,12.37,OVERFLEX_POLY5_NULL,OVERFLEX_NULL,-35.49778450046934,"{""coef"": [0.045079018885985624, 2.155813892198889, -6.849561618181096, 20.502048120727245, -26.904952215931843, 11.879235413501338], ""degree"": 5}",0.0005773971015173682
UGC05721,RESPONSE_FAMILY_DOMINANT_ZONE,23,6.74,EINASTO_LIKE_SURROGATE_DIAGNOSTIC,HALO_OR_CORED_COMPARATOR,-23.096196566461387,"{""amplitude"": 0.7463975758303695, ""extra"": 1.4, ""scale"": 0.075}",0.04701506227740538
UGC05750,MIXED_THREE_WAY_COMPETITIVE_ZONE,11,22.85,OVERFLEX_POLY5_NULL,OVERFLEX_NULL,-45.87625269882349,"{""coef"": [0.02501184462335824, -2.307778301525204, 33.728586844876524, -115.05676480519898, 162.40273872640614, -78.12453405526438], ""degree"": 5}",0.000800207821597129
UGC05764,NUISANCE_SENSITIVE_ZONE,10,3.62,OVERFLEX_POLY5_NULL,OVERFLEX_NULL,-2.098219452206024,"{""coef"": [0.025049753835929455, 0.5748093137663768, 5.726612368601883, -10.664104619567837, 5.517336003817653, -0.5641950656776467], ""degree"": 5}",0.00891765829069011
UGC05829,NUISANCE_SENSITIVE_ZONE,11,6.91,OVERFLEX_POLY5_NULL,OVERFLEX_NULL,-42.98174271770051,"{""coef"": [-0.10519740529357895, 1.935624213598146, -5.0233825698531485, 8.418878705998267, -6.7201374424205085, 2.1538196757396078], ""degree"": 5}",0.001056199171531245
UGC05918,NUISANCE_SENSITIVE_ZONE,8,4.46,OVERFLEX_POLY5_NULL,OVERFLEX_NULL,-24.927463771170487,"{""coef"": [-0.25494499571543633, 3.8608773839077806, -8.81080781942984, 12.324541251798436, -9.286674530685303, 2.89599475130486], ""degree"": 5}",0.0015648010422431758
UGC05986,RESPONSE_FAMILY_DOMINANT_ZONE,15,9.41,OVERFLEX_POLY5_NULL,OVERFLEX_NULL,-31.637142731767717,"{""coef"": [-0.0054268090598708265, -0.5343255788721232, 8.672969426790495, -15.96423893387651, 11.788342561821802, -3.33859502869649], ""degree"": 5}",0.00249348933454228
UGC06399,MIXED_THREE_WAY_COMPETITIVE_ZONE,9,7.85,OVERFLEX_POLY5_NULL,OVERFLEX_NULL,-24.27691666357873,"{""coef"": [-0.13361076456846904, 1.8183767658349432, -4.899994302362077, 13.977041895683707, -17.412834274933847, 7.348465450253878], ""degree"": 5}",0.0012277172985211162
UGC06446,NUISANCE_SENSITIVE_ZONE,17,10.22,CORED_ISOTHERMAL_LIKE_DIAGNOSTIC,HALO_OR_CORED_COMPARATOR,-27.302952025743867,"{""amplitude"": 0.759981909878012, ""scale"": 0.1}",0.025111168681399263
UGC06614,MIXED_THREE_WAY_COMPETITIVE_ZONE,13,64.59,OVERFLEX_POLY5_NULL,OVERFLEX_NULL,-20.293367454538952,"{""coef"": [-1.002276624384748, 10.754300735791693, -53.051102804081, 136.95877526507383, -155.81273953446953, 62.854205887494736], ""degree"": 5}",0.030922450096631946
UGC06667,NUISANCE_SENSITIVE_ZONE,9,7.85,OVERFLEX_POLY5_NULL,OVERFLEX_NULL,-21.629657753305125,"{""coef"": [-0.0910143634103842, 1.8475485852860098, -2.65989438366692, 8.776517154514416, -12.836949392671475, 5.805337842139561], ""degree"": 5}",0.0011461926796014744
UGC06786,NUISANCE_SENSITIVE_ZONE,45,34.05,OVERFLEX_POLY5_NULL,OVERFLEX_NULL,1.9784248075171504,"{""coef"": [-0.22245415608448774, 2.292675126822978, -2.487281122036572, 5.413206963491957, -8.529151681669065, 4.208221266779106], ""degree"": 5}",0.29989278286990323
UGC06787,NUISANCE_SENSITIVE_ZONE,71,37.19,OVERFLEX_POLY5_NULL,OVERFLEX_NULL,44.40464172614913,"{""coef"": [-0.6680763722753188, 6.004845556838596, -12.811025384178599, 10.812294467512192, 0.28386719512237235, -2.976491362573792], ""degree"": 5}",0.6933735514182194
UGC06818,RESPONSE_FAMILY_WITH_NFW_COMPETITIVE_ZONE,8,6.98,OVERFLEX_POLY5_NULL,OVERFLEX_NULL,-6.807403613634598,"{""coef"": [-0.24676942743695915, 4.777297106474535, -35.88091729377943, 99.76590367569155, -109.1296178359229, 41.405238562575285], ""degree"": 5}",0.006682823669641402
UGC06917,MIXED_THREE_WAY_COMPETITIVE_ZONE,11,10.47,OVERFLEX_POLY5_NULL,OVERFLEX_NULL,-43.16937654941654,"{""coef"": [0.40848011543696594, -7.019220119392888, 40.859245489934324, -87.69173498188115, 82.37218214155997, -28.330236657149698], ""degree"": 5}",0.0003281802398101199
UGC06930,RESPONSE_FAMILY_WITH_NFW_COMPETITIVE_ZONE,10,16.61,OVERFLEX_POLY5_NULL,OVERFLEX_NULL,-44.786339035995724,"{""coef"": [-0.7318658672356064, 10.563909752012936, -39.1546496986396, 70.71591898303602, -60.713449053400744, 19.949987763613624], ""degree"": 5}",0.0005858004675715678
UGC06973,PATHOLOGY_ARCHIVE_ZONE,9,7.85,OVERFLEX_POLY5_NULL,OVERFLEX_NULL,-8.248763455440592,"{""coef"": [-9.193954475050123, 48.185377566494594, -126.22239632339834, 180.60788554496446, -131.4367331892216, 38.083201785953634], ""degree"": 5}",0.002716822480087852
UGC06983,NUISANCE_SENSITIVE_ZONE,17,15.68,OVERFLEX_POLY5_NULL,OVERFLEX_NULL,-35.22255800019034,"{""coef"": [-1.2044231416769196, 17.18845423638515, -70.94925760909398, 143.4343519216116, -136.63880643960084, 48.903312676454355], ""degree"": 5}",0.012056951258625694
UGC07089,MIXED_THREE_WAY_COMPETITIVE_ZONE,12,9.16,OVERFLEX_POLY5_NULL,OVERFLEX_NULL,-25.88496899536151,"{""coef"": [-0.10630818565865062, 2.392600725055117, -15.904472076764751, 43.40461771439473, -47.79620051824263, 18.592356752989733], ""degree"": 5}",0.006598072025311381
UGC07125,RESPONSE_FAMILY_WITH_NFW_COMPETITIVE_ZONE,13,18.68,OVERFLEX_POLY5_NULL,OVERFLEX_NULL,-18.89853715089127,"{""coef"": [-0.05534349567974244, -0.14199071516189887, 5.998902968383647, -9.38744705925893, 2.5757407923139484, 1.5588245736207142], ""degree"": 5}",0.005128956181398752
UGC07151,RESPONSE_FAMILY_DOMINANT_ZONE,11,5.5,CORED_ISOTHERMAL_LIKE_DIAGNOSTIC,HALO_OR_CORED_COMPARATOR,-5.563523242944889,"{""amplitude"": 0.44581914820485075, ""scale"": 0.2}",0.011908061167506012
UGC07323,MIXED_THREE_WAY_COMPETITIVE_ZONE,10,5.82,OVERFLEX_POLY5_NULL,OVERFLEX_NULL,-23.577431100694497,"{""coef"": [-0.05682398551212467, 1.4650406024704725, -10.492302618561489, 28.943724123415706, -31.172857625442735, 11.693457198925605], ""degree"": 5}",0.0012937908551176186
UGC07399,NUISANCE_SENSITIVE_ZONE,10,6.13,OVERFLEX_POLY5_NULL,OVERFLEX_NULL,-21.623147753967167,"{""coef"": [-0.13906392721599953, 2.4827217641888097, 0.6748483969496833, -11.760972606566924, 16.38720596505603, -6.79309862071807], ""degree"": 5}",0.0009759978278446563
UGC07524,RESPONSE_FAMILY_DOMINANT_ZONE,31,10.69,OVERFLEX_POLY5_NULL,OVERFLEX_NULL,-61.56160766403042,"{""coef"": [0.010059409867871945, -0.08735799471815053, 6.603561745221262, -14.078285805547674, 11.62631649441792, -3.5332350596003788], ""degree"": 5}",0.013516836868671205
UGC07577,PATHOLOGY_ARCHIVE_ZONE,9,1.69,OVERFLEX_POLY5_NULL,OVERFLEX_NULL,-39.019835724595175,"{""coef"": [-0.13043891468442964, 2.659597494048722, -15.123619910876133, 30.884491560292165, -28.286002593128174, 10.287561416897095], ""degree"": 5}",0.0010985410987617648
UGC07603,RESPONSE_FAMILY_DOMINANT_ZONE,12,4.11,OVERFLEX_POLY5_NULL,OVERFLEX_NULL,-33.349061303337386,"{""coef"": [0.15516341800416142, -3.7949087273230004, 27.062264906773983, -56.47754843446522, 49.97201165386544, -16.0948308047585], ""degree"": 5}",0.001587840959605394
UGC07608,MIXED_THREE_WAY_COMPETITIVE_ZONE,8,4.78,OVERFLEX_POLY5_NULL,OVERFLEX_NULL,-30.232258907592012,"{""coef"": [0.14293713569921282, -3.176670578549973, 23.41719975975775, -53.28696147613794, 52.92922714120916, -19.204752379767854], ""degree"": 5}",0.0008931265201933944
UGC08286,NUISANCE_SENSITIVE_ZONE,17,8.04,OVERFLEX_POLY5_NULL,OVERFLEX_NULL,-20.574442136949138,"{""coef"": [-0.3282987049012122, 7.036504190802136, -23.19867825438314, 38.63756876252331, -30.314568393798112, 8.95819052351086], ""degree"": 5}",0.006258162265306485
UGC08490,RESPONSE_FAMILY_DOMINANT_ZONE,30,10.15,OVERFLEX_POLY5_NULL,OVERFLEX_NULL,-58.76994892669903,"{""coef"": [-0.04712689678057428, 4.081879200408457, -8.760616726608323, 10.555479089315753, -6.788126323491186, 1.7286255702652662], ""degree"": 5}",0.015214112180705256
UGC08550,NUISANCE_SENSITIVE_ZONE,11,5.36,OVERFLEX_POLY5_NULL,OVERFLEX_NULL,-27.356246153294244,"{""coef"": [-0.42490257719710467, 8.1702414153978, -32.16616005375162, 63.121279273556794, -56.58285543791047, 18.65227311232923], ""degree"": 5}",0.0014903818755859861
UGC08699,RESPONSE_FAMILY_DOMINANT_ZONE,41,25.7,OVERFLEX_POLY5_NULL,OVERFLEX_NULL,-16.637489735973542,"{""coef"": [-0.747836319585439, 8.538842818292748, -32.360405503690416, 61.34692739430315, -54.11924792761805, 17.920740529507114], ""degree"": 5}",0.5932005765670963
UGC08837,RESPONSE_FAMILY_DOMINANT_ZONE,8,4.2,OVERFLEX_POLY5_NULL,OVERFLEX_NULL,-19.169924609066197,"{""coef"": [-0.02670456877991538, -0.22686462295748117, 3.1206769379935317, -12.436794635498602, 20.30587131936021, -10.25835980406306], ""degree"": 5}",0.0019972916244316314
UGC09037,RESPONSE_FAMILY_WITH_NFW_COMPETITIVE_ZONE,22,27.96,OVERFLEX_POLY5_NULL,OVERFLEX_NULL,-25.655294569840983,"{""coef"": [-0.9876145915869052, 6.627690502288366, -31.341567867936337, 75.12465031231204, -77.25474984475863, 28.117793157621662], ""degree"": 5}",0.019884349058465863
UGC09133,RESPONSE_FAMILY_DOMINANT_ZONE,68,108.31,OVERFLEX_POLY5_NULL,OVERFLEX_NULL,21.87535978585818,"{""coef"": [-0.6120324548162612, 6.56508861551093, -19.947518447411696, 33.76748152078942, -29.706538771843647, 10.39900305588518], ""degree"": 5}",1.6249247293287479
UGC11455,RESPONSE_FAMILY_DOMINANT_ZONE,36,41.93,OVERFLEX_POLY5_NULL,OVERFLEX_NULL,27.005245210812596,"{""coef"": [-0.013361467970442463, -1.7833955858727881, 1.135242318944485, 9.397541098146412, -14.661536034175445, 6.27820810009464], ""degree"": 5}",0.14550132791698353
UGC11557,PATHOLOGY_ARCHIVE_ZONE,12,10.56,OVERFLEX_POLY5_NULL,OVERFLEX_NULL,-9.74506089178869,"{""coef"": [0.047871330341399974, -4.152384713022265, 11.466603411009189, -10.682104025629064, -0.2213923172756742, 3.5128090718239493], ""degree"": 5}",0.033315212856192336
UGC11820,NUISANCE_SENSITIVE_ZONE,10,15.82,OVERFLEX_POLY5_NULL,OVERFLEX_NULL,-10.991412836491676,"{""coef"": [-0.05167375495636878, 3.7554796369093446, -15.173082245283904, 31.675617082963043, -29.472125938887768, 10.050188547945877], ""degree"": 5}",0.004616209455824509
UGC11914,PATHOLOGY_ARCHIVE_ZONE,65,9.83,OVERFLEX_POLY5_NULL,OVERFLEX_NULL,-156.70492312134127,"{""coef"": [-0.15813849000884223, 2.019471906963816, -13.735670966242918, 32.64191006498506, -32.10769595599394, 11.636352440980598], ""degree"": 5}",0.0323184908059811
UGC12506,HALO_COMPARATOR_DOMINANT_ZONE,31,49.99,OVERFLEX_POLY5_NULL,OVERFLEX_NULL,-65.70505482154631,"{""coef"": [0.14307400158757247, 3.3243093053689443, -17.29101862608699, 42.76172909411723, -46.04019516906957, 17.590968089264578], ""degree"": 5}",0.02104853821103095
UGC12632,NUISANCE_SENSITIVE_ZONE,15,10.66,OVERFLEX_POLY5_NULL,OVERFLEX_NULL,-40.53594939665712,"{""coef"": [0.04173080469437699, -0.4394592227561369, 13.636517141999827, -36.86378514930233, 38.54492997032585, -14.245543514812057], ""degree"": 5}",0.0019492264101593985
UGC12732,NUISANCE_SENSITIVE_ZONE,16,15.4,OVERFLEX_POLY5_NULL,OVERFLEX_NULL,-49.98481441377379,"{""coef"": [-0.03167655296127547, 1.8761513554615785, -2.3141094737600163, 1.637821755276203, -0.9872218390164962, 0.5758182574518667], ""degree"": 5}",0.0011001835252404356
UGCA442,NUISANCE_SENSITIVE_ZONE,8,6.33,OVERFLEX_POLY5_NULL,OVERFLEX_NULL,-21.64288193249019,"{""coef"": [0.024816592841169664, 0.12506613396191757, 3.176734699572436, -1.8139755198663747, -2.2179739563300234, 1.5435548150423701], ""degree"": 5}",0.0009845291755440561
UGCA444,NUISANCE_SENSITIVE_ZONE,36,2.62,NUISANCE_GRADIENT_PROXY,NUISANCE_PROXY,-105.07051884156377,"{""intercept"": -0.011683985663533741, ""slope"": 0.756460914047308}",0.05194482509406657
